date,predicted_Usage_kWh,month,hour
2019-01-01 00:00:00,4.684085845947266,1,0
2019-01-01 00:15:00,6.0131330490112305,1,0
2019-01-01 00:30:00,6.214332103729248,1,0
2019-01-01 00:45:00,6.461307048797607,1,0
2019-01-01 01:00:00,8.087850570678711,1,1
2019-01-01 01:15:00,7.8901543617248535,1,1
2019-01-01 01:30:00,8.218631744384766,1,1
2019-01-01 01:45:00,7.163084983825684,1,1
2019-01-01 02:00:00,8.233811378479004,1,2
2019-01-01 02:15:00,6.991182804107666,1,2
2019-01-01 02:30:00,5.523458003997803,1,2
2019-01-01 02:45:00,5.233680248260498,1,2
2019-01-01 03:00:00,6.350592613220215,1,3
2019-01-01 03:15:00,5.608945369720459,1,3
2019-01-01 03:30:00,4.9479827880859375,1,3
2019-01-01 03:45:00,4.59427547454834,1,3
2019-01-01 04:00:00,4.775636196136475,1,4
2019-01-01 04:15:00,4.580141544342041,1,4
2019-01-01 04:30:00,4.554784297943115,1,4
2019-01-01 04:45:00,4.489583969116211,1,4
2019-01-01 05:00:00,4.570798873901367,1,5
2019-01-01 05:15:00,4.481256484985352,1,5
2019-01-01 05:30:00,4.455900192260742,1,5
2019-01-01 05:45:00,4.489583969116211,1,5
2019-01-01 06:00:00,4.5950541496276855,1,6
2019-01-01 06:15:00,4.44912576675415,1,6
2019-01-01 06:30:00,4.32170295715332,1,6
2019-01-01 06:45:00,4.346533298492432,1,6
2019-01-01 07:00:00,4.710396766662598,1,7
2019-01-01 07:15:00,4.667922496795654,1,7
2019-01-01 07:30:00,5.148202896118164,1,7
2019-01-01 07:45:00,6.031717300415039,1,7
2019-01-01 08:00:00,28.35822868347168,1,8
2019-01-01 08:15:00,24.201454162597656,1,8
2019-01-01 08:30:00,18.303831100463867,1,8
2019-01-01 08:45:00,18.47715950012207,1,8
2019-01-01 09:00:00,23.810396194458008,1,9
2019-01-01 09:15:00,17.970624923706055,1,9
2019-01-01 09:30:00,17.177154541015625,1,9
2019-01-01 09:45:00,17.698461532592773,1,9
2019-01-01 10:00:00,23.380165100097656,1,10
2019-01-01 10:15:00,22.247920989990234,1,10
2019-01-01 10:30:00,23.69980812072754,1,10
2019-01-01 10:45:00,23.02297019958496,1,10
2019-01-01 11:00:00,21.283527374267578,1,11
2019-01-01 11:15:00,19.54291343688965,1,11
2019-01-01 11:30:00,18.239215850830078,1,11
2019-01-01 11:45:00,17.18431282043457,1,11
2019-01-01 12:00:00,17.619470596313477,1,12
2019-01-01 12:15:00,14.164429664611816,1,12
2019-01-01 12:30:00,15.271990776062012,1,12
2019-01-01 12:45:00,14.945460319519043,1,12
2019-01-01 13:00:00,24.209959030151367,1,13
2019-01-01 13:15:00,24.28352165222168,1,13
2019-01-01 13:30:00,23.394254684448242,1,13
2019-01-01 13:45:00,23.63677978515625,1,13
2019-01-01 14:00:00,22.815654754638672,1,14
2019-01-01 14:15:00,22.16041374206543,1,14
2019-01-01 14:30:00,23.021987915039062,1,14
2019-01-01 14:45:00,21.897968292236328,1,14
2019-01-01 15:00:00,22.89325714111328,1,15
2019-01-01 15:15:00,21.778291702270508,1,15
2019-01-01 15:30:00,22.10527229309082,1,15
2019-01-01 15:45:00,22.93564796447754,1,15
2019-01-01 16:00:00,20.924694061279297,1,16
2019-01-01 16:15:00,9.293618202209473,1,16
2019-01-01 16:30:00,8.586277961730957,1,16
2019-01-01 16:45:00,8.586020469665527,1,16
2019-01-01 17:00:00,9.06546401977539,1,17
2019-01-01 17:15:00,8.599743843078613,1,17
2019-01-01 17:30:00,5.641695976257324,1,17
2019-01-01 17:45:00,6.36051607131958,1,17
2019-01-01 18:00:00,3.5156235694885254,1,18
2019-01-01 18:15:00,4.796492099761963,1,18
2019-01-01 18:30:00,4.17946720123291,1,18
2019-01-01 18:45:00,5.141027450561523,1,18
2019-01-01 19:00:00,6.466671466827393,1,19
2019-01-01 19:15:00,7.802868366241455,1,19
2019-01-01 19:30:00,10.762956619262695,1,19
2019-01-01 19:45:00,9.9899263381958,1,19
2019-01-01 20:00:00,12.614523887634277,1,20
2019-01-01 20:15:00,11.222984313964844,1,20
2019-01-01 20:30:00,9.244550704956055,1,20
2019-01-01 20:45:00,7.015324115753174,1,20
2019-01-01 21:00:00,6.258847713470459,1,21
2019-01-01 21:15:00,6.134078025817871,1,21
2019-01-01 21:30:00,5.834322452545166,1,21
2019-01-01 21:45:00,5.7842817306518555,1,21
2019-01-01 22:00:00,5.841909885406494,1,22
2019-01-01 22:15:00,5.675868034362793,1,22
2019-01-01 22:30:00,5.386929988861084,1,22
2019-01-01 22:45:00,5.0963335037231445,1,22
2019-01-01 23:00:00,5.0907769203186035,1,23
2019-01-01 23:15:00,4.988485813140869,1,23
2019-01-01 23:30:00,5.3275651931762695,1,23
2019-01-01 23:45:00,7.450747489929199,1,23
2019-01-02 00:00:00,13.181057929992676,1,0
2019-01-02 00:15:00,8.241044998168945,1,0
2019-01-02 00:30:00,7.853035926818848,1,0
2019-01-02 00:45:00,7.041004657745361,1,0
2019-01-02 01:00:00,7.587990760803223,1,1
2019-01-02 01:15:00,6.916229724884033,1,1
2019-01-02 01:30:00,5.92856502532959,1,1
2019-01-02 01:45:00,5.366132736206055,1,1
2019-01-02 02:00:00,6.489841461181641,1,2
2019-01-02 02:15:00,5.511402606964111,1,2
2019-01-02 02:30:00,5.029003143310547,1,2
2019-01-02 02:45:00,4.763628959655762,1,2
2019-01-02 03:00:00,4.889016628265381,1,3
2019-01-02 03:15:00,4.647461891174316,1,3
2019-01-02 03:30:00,4.565861225128174,1,3
2019-01-02 03:45:00,4.40704345703125,1,3
2019-01-02 04:00:00,4.629141330718994,1,4
2019-01-02 04:15:00,4.4740471839904785,1,4
2019-01-02 04:30:00,4.441346645355225,1,4
2019-01-02 04:45:00,4.413125991821289,1,4
2019-01-02 05:00:00,4.563589572906494,1,5
2019-01-02 05:15:00,4.4775519371032715,1,5
2019-01-02 05:30:00,4.426985263824463,1,5
2019-01-02 05:45:00,4.4057817459106445,1,5
2019-01-02 06:00:00,4.596927642822266,1,6
2019-01-02 06:15:00,4.538001537322998,1,6
2019-01-02 06:30:00,4.401664733886719,1,6
2019-01-02 06:45:00,4.393940448760986,1,6
2019-01-02 07:00:00,4.710531711578369,1,7
2019-01-02 07:15:00,4.64785099029541,1,7
2019-01-02 07:30:00,5.126482963562012,1,7
2019-01-02 07:45:00,6.138325214385986,1,7
2019-01-02 08:00:00,31.186752319335938,1,8
2019-01-02 08:15:00,22.966537475585938,1,8
2019-01-02 08:30:00,17.87907600402832,1,8
2019-01-02 08:45:00,17.979135513305664,1,8
2019-01-02 09:00:00,18.683895111083984,1,9
2019-01-02 09:15:00,17.587387084960938,1,9
2019-01-02 09:30:00,17.36572265625,1,9
2019-01-02 09:45:00,17.3251895904541,1,9
2019-01-02 10:00:00,18.978897094726562,1,10
2019-01-02 10:15:00,21.552574157714844,1,10
2019-01-02 10:30:00,22.336933135986328,1,10
2019-01-02 10:45:00,23.875858306884766,1,10
2019-01-02 11:00:00,21.89533042907715,1,11
2019-01-02 11:15:00,20.323028564453125,1,11
2019-01-02 11:30:00,17.654767990112305,1,11
2019-01-02 11:45:00,17.020639419555664,1,11
2019-01-02 12:00:00,17.797422409057617,1,12
2019-01-02 12:15:00,14.46069049835205,1,12
2019-01-02 12:30:00,14.06061840057373,1,12
2019-01-02 12:45:00,15.629419326782227,1,12
2019-01-02 13:00:00,24.662504196166992,1,13
2019-01-02 13:15:00,24.770288467407227,1,13
2019-01-02 13:30:00,23.318212509155273,1,13
2019-01-02 13:45:00,23.18201446533203,1,13
2019-01-02 14:00:00,19.704448699951172,1,14
2019-01-02 14:15:00,22.917566299438477,1,14
2019-01-02 14:30:00,20.28249168395996,1,14
2019-01-02 14:45:00,21.96764373779297,1,14
2019-01-02 15:00:00,19.960416793823242,1,15
2019-01-02 15:15:00,22.514404296875,1,15
2019-01-02 15:30:00,21.71004295349121,1,15
2019-01-02 15:45:00,22.135461807250977,1,15
2019-01-02 16:00:00,21.972318649291992,1,16
2019-01-02 16:15:00,11.02914047241211,1,16
2019-01-02 16:30:00,8.63711929321289,1,16
2019-01-02 16:45:00,8.397154808044434,1,16
2019-01-02 17:00:00,9.314888954162598,1,17
2019-01-02 17:15:00,8.559125900268555,1,17
2019-01-02 17:30:00,5.565341472625732,1,17
2019-01-02 17:45:00,5.4655303955078125,1,17
2019-01-02 18:00:00,3.8944358825683594,1,18
2019-01-02 18:15:00,4.930607795715332,1,18
2019-01-02 18:30:00,3.747248888015747,1,18
2019-01-02 18:45:00,4.396108627319336,1,18
2019-01-02 19:00:00,4.585530757904053,1,19
2019-01-02 19:15:00,4.905102252960205,1,19
2019-01-02 19:30:00,4.844474792480469,1,19
2019-01-02 19:45:00,5.1439971923828125,1,19
2019-01-02 20:00:00,5.449213027954102,1,20
2019-01-02 20:15:00,5.9979071617126465,1,20
2019-01-02 20:30:00,6.4101433753967285,1,20
2019-01-02 20:45:00,5.837149620056152,1,20
2019-01-02 21:00:00,5.344419956207275,1,21
2019-01-02 21:15:00,5.255226135253906,1,21
2019-01-02 21:30:00,5.219817161560059,1,21
2019-01-02 21:45:00,5.126893520355225,1,21
2019-01-02 22:00:00,5.079433441162109,1,22
2019-01-02 22:15:00,4.92897891998291,1,22
2019-01-02 22:30:00,4.903621673583984,1,22
2019-01-02 22:45:00,4.925253391265869,1,22
2019-01-02 23:00:00,5.072628974914551,1,23
2019-01-02 23:15:00,5.000238418579102,1,23
2019-01-02 23:30:00,5.400228977203369,1,23
2019-01-02 23:45:00,7.57169771194458,1,23
2019-01-03 00:00:00,13.621272087097168,1,0
2019-01-03 00:15:00,8.224081993103027,1,0
2019-01-03 00:30:00,8.17517375946045,1,0
2019-01-03 00:45:00,6.8869781494140625,1,0
2019-01-03 01:00:00,7.379201889038086,1,1
2019-01-03 01:15:00,6.701511859893799,1,1
2019-01-03 01:30:00,5.32966423034668,1,1
2019-01-03 01:45:00,5.123733043670654,1,1
2019-01-03 02:00:00,6.359521389007568,1,2
2019-01-03 02:15:00,5.517938137054443,1,2
2019-01-03 02:30:00,5.006555557250977,1,2
2019-01-03 02:45:00,4.634582042694092,1,2
2019-01-03 03:00:00,4.836369514465332,1,3
2019-01-03 03:15:00,4.556026935577393,1,3
2019-01-03 03:30:00,4.410862445831299,1,3
2019-01-03 03:45:00,4.405735015869141,1,3
2019-01-03 04:00:00,4.55493688583374,1,4
2019-01-03 04:15:00,4.465394496917725,1,4
2019-01-03 04:30:00,4.40134859085083,1,4
2019-01-03 04:45:00,4.404473304748535,1,4
2019-01-03 05:00:00,4.55493688583374,1,5
2019-01-03 05:15:00,4.476243495941162,1,5
2019-01-03 05:30:00,4.40134859085083,1,5
2019-01-03 05:45:00,4.404473304748535,1,5
2019-01-03 06:00:00,4.562281131744385,1,6
2019-01-03 06:15:00,4.478511333465576,1,6
2019-01-03 06:30:00,4.336883544921875,1,6
2019-01-03 06:45:00,4.395411014556885,1,6
2019-01-03 07:00:00,4.7231974601745605,1,7
2019-01-03 07:15:00,4.673766136169434,1,7
2019-01-03 07:30:00,5.1732330322265625,1,7
2019-01-03 07:45:00,6.500067234039307,1,7
2019-01-03 08:00:00,33.76460647583008,1,8
2019-01-03 08:15:00,24.60743522644043,1,8
2019-01-03 08:30:00,18.55828094482422,1,8
2019-01-03 08:45:00,18.305782318115234,1,8
2019-01-03 09:00:00,19.545515060424805,1,9
2019-01-03 09:15:00,19.165693283081055,1,9
2019-01-03 09:30:00,18.245145797729492,1,9
2019-01-03 09:45:00,17.338077545166016,1,9
2019-01-03 10:00:00,19.58465576171875,1,10
2019-01-03 10:15:00,22.04541778564453,1,10
2019-01-03 10:30:00,22.840208053588867,1,10
2019-01-03 10:45:00,22.716609954833984,1,10
2019-01-03 11:00:00,21.926382064819336,1,11
2019-01-03 11:15:00,20.482070922851562,1,11
2019-01-03 11:30:00,18.284526824951172,1,11
2019-01-03 11:45:00,17.1445369720459,1,11
2019-01-03 12:00:00,13.645216941833496,1,12
2019-01-03 12:15:00,15.352413177490234,1,12
2019-01-03 12:30:00,14.757948875427246,1,12
2019-01-03 12:45:00,15.266708374023438,1,12
2019-01-03 13:00:00,27.62672996520996,1,13
2019-01-03 13:15:00,22.685739517211914,1,13
2019-01-03 13:30:00,23.371557235717773,1,13
2019-01-03 13:45:00,23.873794555664062,1,13
2019-01-03 14:00:00,20.224489212036133,1,14
2019-01-03 14:15:00,22.935977935791016,1,14
2019-01-03 14:30:00,20.65850830078125,1,14
2019-01-03 14:45:00,22.23988151550293,1,14
2019-01-03 15:00:00,20.672224044799805,1,15
2019-01-03 15:15:00,22.597776412963867,1,15
2019-01-03 15:30:00,21.32686424255371,1,15
2019-01-03 15:45:00,21.881532669067383,1,15
2019-01-03 16:00:00,20.70889663696289,1,16
2019-01-03 16:15:00,9.831250190734863,1,16
2019-01-03 16:30:00,9.065993309020996,1,16
2019-01-03 16:45:00,8.851391792297363,1,16
2019-01-03 17:00:00,9.306954383850098,1,17
2019-01-03 17:15:00,8.19056224822998,1,17
2019-01-03 17:30:00,5.372522354125977,1,17
2019-01-03 17:45:00,5.240245342254639,1,17
2019-01-03 18:00:00,3.5942811965942383,1,18
2019-01-03 18:15:00,4.612157821655273,1,18
2019-01-03 18:30:00,3.342501640319824,1,18
2019-01-03 18:45:00,3.9091475009918213,1,18
2019-01-03 19:00:00,3.9687390327453613,1,19
2019-01-03 19:15:00,4.160675048828125,1,19
2019-01-03 19:30:00,4.025174617767334,1,19
2019-01-03 19:45:00,4.439733028411865,1,19
2019-01-03 20:00:00,4.846150875091553,1,20
2019-01-03 20:15:00,4.683143138885498,1,20
2019-01-03 20:30:00,4.606021404266357,1,20
2019-01-03 20:45:00,3.860262632369995,1,20
2019-01-03 21:00:00,3.734736680984497,1,21
2019-01-03 21:15:00,4.819157600402832,1,21
2019-01-03 21:30:00,4.362118721008301,1,21
2019-01-03 21:45:00,4.5423359870910645,1,21
2019-01-03 22:00:00,4.5908894538879395,1,22
2019-01-03 22:15:00,4.747435092926025,1,22
2019-01-03 22:30:00,4.6999616622924805,1,22
2019-01-03 22:45:00,4.745829105377197,1,22
2019-01-03 23:00:00,5.213748931884766,1,23
2019-01-03 23:15:00,5.26438570022583,1,23
2019-01-03 23:30:00,5.666383266448975,1,23
2019-01-03 23:45:00,7.670565128326416,1,23
2019-01-04 00:00:00,13.583322525024414,1,0
2019-01-04 00:15:00,8.417783737182617,1,0
2019-01-04 00:30:00,8.13260269165039,1,0
2019-01-04 00:45:00,6.931866645812988,1,0
2019-01-04 01:00:00,7.507462501525879,1,1
2019-01-04 01:15:00,6.699930191040039,1,1
2019-01-04 01:30:00,5.282863140106201,1,1
2019-01-04 01:45:00,5.327341556549072,1,1
2019-01-04 02:00:00,6.467440128326416,1,2
2019-01-04 02:15:00,5.349743366241455,1,2
2019-01-04 02:30:00,4.8397417068481445,1,2
2019-01-04 02:45:00,4.546295642852783,1,2
2019-01-04 03:00:00,4.692410945892334,1,3
2019-01-04 03:15:00,4.4313645362854,1,3
2019-01-04 03:30:00,4.399000644683838,1,3
2019-01-04 03:45:00,4.418128490447998,1,3
2019-01-04 04:00:00,4.574674606323242,1,4
2019-01-04 04:15:00,4.474275588989258,1,4
2019-01-04 04:30:00,4.488235950469971,1,4
2019-01-04 04:45:00,4.426990032196045,1,4
2019-01-04 05:00:00,4.574674606323242,1,5
2019-01-04 05:15:00,4.501704692840576,1,5
2019-01-04 05:30:00,4.4292168617248535,1,5
2019-01-04 05:45:00,4.386307716369629,1,5
2019-01-04 06:00:00,4.536771297454834,1,6
2019-01-04 06:15:00,4.411593437194824,1,6
2019-01-04 06:30:00,4.275362014770508,1,6
2019-01-04 06:45:00,4.278486728668213,1,6
2019-01-04 07:00:00,4.606986045837402,1,7
2019-01-04 07:15:00,4.481017112731934,1,7
2019-01-04 07:30:00,5.0789947509765625,1,7
2019-01-04 07:45:00,5.927398204803467,1,7
2019-01-04 08:00:00,28.07576560974121,1,8
2019-01-04 08:15:00,23.368457794189453,1,8
2019-01-04 08:30:00,17.40148162841797,1,8
2019-01-04 08:45:00,16.942975997924805,1,8
2019-01-04 09:00:00,18.45747947692871,1,9
2019-01-04 09:15:00,17.234691619873047,1,9
2019-01-04 09:30:00,15.847088813781738,1,9
2019-01-04 09:45:00,16.394765853881836,1,9
2019-01-04 10:00:00,18.947416305541992,1,10
2019-01-04 10:15:00,21.921142578125,1,10
2019-01-04 10:30:00,22.177997589111328,1,10
2019-01-04 10:45:00,22.366491317749023,1,10
2019-01-04 11:00:00,20.974485397338867,1,11
2019-01-04 11:15:00,19.187257766723633,1,11
2019-01-04 11:30:00,17.52490234375,1,11
2019-01-04 11:45:00,16.504501342773438,1,11
2019-01-04 12:00:00,13.439055442810059,1,12
2019-01-04 12:15:00,14.706009864807129,1,12
2019-01-04 12:30:00,14.30756664276123,1,12
2019-01-04 12:45:00,14.84626579284668,1,12
2019-01-04 13:00:00,26.93285369873047,1,13
2019-01-04 13:15:00,20.962167739868164,1,13
2019-01-04 13:30:00,25.899036407470703,1,13
2019-01-04 13:45:00,20.532211303710938,1,13
2019-01-04 14:00:00,19.224193572998047,1,14
2019-01-04 14:15:00,22.159465789794922,1,14
2019-01-04 14:30:00,20.813047409057617,1,14
2019-01-04 14:45:00,22.683338165283203,1,14
2019-01-04 15:00:00,18.97628402709961,1,15
2019-01-04 15:15:00,21.629119873046875,1,15
2019-01-04 15:30:00,21.943538665771484,1,15
2019-01-04 15:45:00,21.67544937133789,1,15
2019-01-04 16:00:00,25.00742530822754,1,16
2019-01-04 16:15:00,15.796091079711914,1,16
2019-01-04 16:30:00,8.471518516540527,1,16
2019-01-04 16:45:00,7.9148664474487305,1,16
2019-01-04 17:00:00,9.057641983032227,1,17
2019-01-04 17:15:00,9.023640632629395,1,17
2019-01-04 17:30:00,5.493532180786133,1,17
2019-01-04 17:45:00,5.443047523498535,1,17
2019-01-04 18:00:00,4.29005765914917,1,18
2019-01-04 18:15:00,5.591603755950928,1,18
2019-01-04 18:30:00,4.275160789489746,1,18
2019-01-04 18:45:00,4.6399383544921875,1,18
2019-01-04 19:00:00,4.856645584106445,1,19
2019-01-04 19:15:00,4.778839588165283,1,19
2019-01-04 19:30:00,5.18335485458374,1,19
2019-01-04 19:45:00,5.774265289306641,1,19
2019-01-04 20:00:00,6.504849433898926,1,20
2019-01-04 20:15:00,8.39521598815918,1,20
2019-01-04 20:30:00,9.976970672607422,1,20
2019-01-04 20:45:00,8.658056259155273,1,20
2019-01-04 21:00:00,9.72175121307373,1,21
2019-01-04 21:15:00,9.295594215393066,1,21
2019-01-04 21:30:00,7.7408552169799805,1,21
2019-01-04 21:45:00,6.674706935882568,1,21
2019-01-04 22:00:00,6.821866035461426,1,22
2019-01-04 22:15:00,7.15134334564209,1,22
2019-01-04 22:30:00,7.127512454986572,1,22
2019-01-04 22:45:00,7.239478588104248,1,22
2019-01-04 23:00:00,7.741408824920654,1,23
2019-01-04 23:15:00,7.217465877532959,1,23
2019-01-04 23:30:00,6.92687463760376,1,23
2019-01-04 23:45:00,8.305960655212402,1,23
2019-01-05 00:00:00,12.384187698364258,1,0
2019-01-05 00:15:00,9.302251815795898,1,0
2019-01-05 00:30:00,7.874878406524658,1,0
2019-01-05 00:45:00,6.4951252937316895,1,0
2019-01-05 01:00:00,6.883125305175781,1,1
2019-01-05 01:15:00,6.339673042297363,1,1
2019-01-05 01:30:00,4.928847312927246,1,1
2019-01-05 01:45:00,4.534131050109863,1,1
2019-01-05 02:00:00,6.0631208419799805,1,2
2019-01-05 02:15:00,5.237461566925049,1,2
2019-01-05 02:30:00,4.639400959014893,1,2
2019-01-05 02:45:00,4.37794303894043,1,2
2019-01-05 03:00:00,4.491748332977295,1,3
2019-01-05 03:15:00,4.419771671295166,1,3
2019-01-05 03:30:00,4.371903896331787,1,3
2019-01-05 03:45:00,4.336338996887207,1,3
2019-01-05 04:00:00,4.554086208343506,1,4
2019-01-05 04:15:00,4.376288414001465,1,4
2019-01-05 04:30:00,4.377986431121826,1,4
2019-01-05 04:45:00,4.364526271820068,1,4
2019-01-05 05:00:00,4.493671417236328,1,5
2019-01-05 05:15:00,4.376288414001465,1,5
2019-01-05 05:30:00,4.340083122253418,1,5
2019-01-05 05:45:00,4.343207836151123,1,5
2019-01-05 06:00:00,4.493671417236328,1,6
2019-01-05 06:15:00,4.340652942657471,1,6
2019-01-05 06:30:00,4.277732849121094,1,6
2019-01-05 06:45:00,4.297442436218262,1,6
2019-01-05 07:00:00,4.4416022300720215,1,7
2019-01-05 07:15:00,4.328025817871094,1,7
2019-01-05 07:30:00,4.76657772064209,1,7
2019-01-05 07:45:00,5.532907485961914,1,7
2019-01-05 08:00:00,16.882543563842773,1,8
2019-01-05 08:15:00,18.356815338134766,1,8
2019-01-05 08:30:00,13.023063659667969,1,8
2019-01-05 08:45:00,13.407958030700684,1,8
2019-01-05 09:00:00,13.471182823181152,1,9
2019-01-05 09:15:00,11.696002006530762,1,9
2019-01-05 09:30:00,10.66704273223877,1,9
2019-01-05 09:45:00,11.346108436584473,1,9
2019-01-05 10:00:00,13.068870544433594,1,10
2019-01-05 10:15:00,17.67853546142578,1,10
2019-01-05 10:30:00,18.101436614990234,1,10
2019-01-05 10:45:00,17.219783782958984,1,10
2019-01-05 11:00:00,15.68023681640625,1,11
2019-01-05 11:15:00,14.395368576049805,1,11
2019-01-05 11:30:00,12.829126358032227,1,11
2019-01-05 11:45:00,11.378486633300781,1,11
2019-01-05 12:00:00,8.705657958984375,1,12
2019-01-05 12:15:00,9.554102897644043,1,12
2019-01-05 12:30:00,10.46882438659668,1,12
2019-01-05 12:45:00,10.00504207611084,1,12
2019-01-05 13:00:00,15.502910614013672,1,13
2019-01-05 13:15:00,19.868070602416992,1,13
2019-01-05 13:30:00,19.384666442871094,1,13
2019-01-05 13:45:00,17.673757553100586,1,13
2019-01-05 14:00:00,14.907099723815918,1,14
2019-01-05 14:15:00,16.780012130737305,1,14
2019-01-05 14:30:00,15.315537452697754,1,14
2019-01-05 14:45:00,16.278322219848633,1,14
2019-01-05 15:00:00,13.937811851501465,1,15
2019-01-05 15:15:00,16.386932373046875,1,15
2019-01-05 15:30:00,16.352136611938477,1,15
2019-01-05 15:45:00,16.3522891998291,1,15
2019-01-05 16:00:00,15.460739135742188,1,16
2019-01-05 16:15:00,8.57991886138916,1,16
2019-01-05 16:30:00,7.705639362335205,1,16
2019-01-05 16:45:00,7.861250400543213,1,16
2019-01-05 17:00:00,8.141562461853027,1,17
2019-01-05 17:15:00,7.876181125640869,1,17
2019-01-05 17:30:00,6.046291828155518,1,17
2019-01-05 17:45:00,5.262199878692627,1,17
2019-01-05 18:00:00,3.4831957817077637,1,18
2019-01-05 18:15:00,4.256294250488281,1,18
2019-01-05 18:30:00,4.227121353149414,1,18
2019-01-05 18:45:00,4.0175676345825195,1,18
2019-01-05 19:00:00,4.12790584564209,1,19
2019-01-05 19:15:00,4.471595287322998,1,19
2019-01-05 19:30:00,4.493630409240723,1,19
2019-01-05 19:45:00,4.600224494934082,1,19
2019-01-05 20:00:00,4.95669412612915,1,20
2019-01-05 20:15:00,4.802134037017822,1,20
2019-01-05 20:30:00,5.052095413208008,1,20
2019-01-05 20:45:00,4.895662784576416,1,20
2019-01-05 21:00:00,5.201993465423584,1,21
2019-01-05 21:15:00,5.265881538391113,1,21
2019-01-05 21:30:00,5.126786231994629,1,21
2019-01-05 21:45:00,4.926787376403809,1,21
2019-01-05 22:00:00,4.98281717300415,1,22
2019-01-05 22:15:00,4.902220249176025,1,22
2019-01-05 22:30:00,4.814074516296387,1,22
2019-01-05 22:45:00,4.792846202850342,1,22
2019-01-05 23:00:00,4.946525573730469,1,23
2019-01-05 23:15:00,4.899843215942383,1,23
2019-01-05 23:30:00,5.284406661987305,1,23
2019-01-05 23:45:00,7.459414482116699,1,23
2019-01-06 00:00:00,13.748144149780273,1,0
2019-01-06 00:15:00,7.160408973693848,1,0
2019-01-06 00:30:00,7.003228664398193,1,0
2019-01-06 00:45:00,6.715102195739746,1,0
2019-01-06 01:00:00,7.329771041870117,1,1
2019-01-06 01:15:00,6.530137538909912,1,1
2019-01-06 01:30:00,5.2547712326049805,1,1
2019-01-06 01:45:00,4.711796760559082,1,1
2019-01-06 02:00:00,6.14340877532959,1,2
2019-01-06 02:15:00,5.52260684967041,1,2
2019-01-06 02:30:00,4.9029011726379395,1,2
2019-01-06 02:45:00,4.562739372253418,1,2
2019-01-06 03:00:00,4.612062454223633,1,3
2019-01-06 03:15:00,4.381868362426758,1,3
2019-01-06 03:30:00,4.355319023132324,1,3
2019-01-06 03:45:00,4.3778076171875,1,3
2019-01-06 04:00:00,4.6094889640808105,1,4
2019-01-06 04:15:00,4.414191722869873,1,4
2019-01-06 04:30:00,4.377986431121826,1,4
2019-01-06 04:45:00,4.350552082061768,1,4
2019-01-06 05:00:00,4.493671417236328,1,5
2019-01-06 05:15:00,4.365439414978027,1,5
2019-01-06 05:30:00,4.340083122253418,1,5
2019-01-06 05:45:00,4.343207836151123,1,5
2019-01-06 06:00:00,4.493671417236328,1,6
2019-01-06 06:15:00,4.340652942657471,1,6
2019-01-06 06:30:00,4.256414413452148,1,6
2019-01-06 06:45:00,4.2595391273498535,1,6
2019-01-06 07:00:00,4.447906017303467,1,7
2019-01-06 07:15:00,4.3473896980285645,1,7
2019-01-06 07:30:00,4.8926496505737305,1,7
2019-01-06 07:45:00,5.616876602172852,1,7
2019-01-06 08:00:00,16.687875747680664,1,8
2019-01-06 08:15:00,18.8466739654541,1,8
2019-01-06 08:30:00,12.82751178741455,1,8
2019-01-06 08:45:00,14.118764877319336,1,8
2019-01-06 09:00:00,13.537073135375977,1,9
2019-01-06 09:15:00,12.012285232543945,1,9
2019-01-06 09:30:00,11.07265853881836,1,9
2019-01-06 09:45:00,11.594542503356934,1,9
2019-01-06 10:00:00,13.226957321166992,1,10
2019-01-06 10:15:00,12.127257347106934,1,10
2019-01-06 10:30:00,11.928275108337402,1,10
2019-01-06 10:45:00,12.764435768127441,1,10
2019-01-06 11:00:00,12.375741958618164,1,11
2019-01-06 11:15:00,10.359086036682129,1,11
2019-01-06 11:30:00,9.030913352966309,1,11
2019-01-06 11:45:00,7.92176628112793,1,11
2019-01-06 12:00:00,9.209559440612793,1,12
2019-01-06 12:15:00,8.665045738220215,1,12
2019-01-06 12:30:00,8.827388763427734,1,12
2019-01-06 12:45:00,10.206082344055176,1,12
2019-01-06 13:00:00,15.909221649169922,1,13
2019-01-06 13:15:00,16.859617233276367,1,13
2019-01-06 13:30:00,16.98175048828125,1,13
2019-01-06 13:45:00,14.02420711517334,1,13
2019-01-06 14:00:00,13.741653442382812,1,14
2019-01-06 14:15:00,12.941509246826172,1,14
2019-01-06 14:30:00,12.549273490905762,1,14
2019-01-06 14:45:00,11.945566177368164,1,14
2019-01-06 15:00:00,13.00340747833252,1,15
2019-01-06 15:15:00,12.410868644714355,1,15
2019-01-06 15:30:00,12.028651237487793,1,15
2019-01-06 15:45:00,12.38361930847168,1,15
2019-01-06 16:00:00,13.970853805541992,1,16
2019-01-06 16:15:00,9.333081245422363,1,16
2019-01-06 16:30:00,8.184999465942383,1,16
2019-01-06 16:45:00,7.930684566497803,1,16
2019-01-06 17:00:00,8.620429992675781,1,17
2019-01-06 17:15:00,7.96967887878418,1,17
2019-01-06 17:30:00,5.781215190887451,1,17
2019-01-06 17:45:00,5.533869743347168,1,17
2019-01-06 18:00:00,3.9516265392303467,1,18
2019-01-06 18:15:00,4.6972479820251465,1,18
2019-01-06 18:30:00,3.4763269424438477,1,18
2019-01-06 18:45:00,3.8137872219085693,1,18
2019-01-06 19:00:00,4.0107526779174805,1,19
2019-01-06 19:15:00,3.989377737045288,1,19
2019-01-06 19:30:00,3.9372222423553467,1,19
2019-01-06 19:45:00,4.286293983459473,1,19
2019-01-06 20:00:00,4.426496505737305,1,20
2019-01-06 20:15:00,4.378652095794678,1,20
2019-01-06 20:30:00,4.34952449798584,1,20
2019-01-06 20:45:00,4.528293609619141,1,20
2019-01-06 21:00:00,4.679391384124756,1,21
2019-01-06 21:15:00,4.608639240264893,1,21
2019-01-06 21:30:00,4.583282947540283,1,21
2019-01-06 21:45:00,4.637704849243164,1,21
2019-01-06 22:00:00,4.834763050079346,1,22
2019-01-06 22:15:00,4.710936546325684,1,22
2019-01-06 22:30:00,4.685579299926758,1,22
2019-01-06 22:45:00,4.7583465576171875,1,22
2019-01-06 23:00:00,4.946525573730469,1,23
2019-01-06 23:15:00,4.963008403778076,1,23
2019-01-06 23:30:00,5.3257622718811035,1,23
2019-01-06 23:45:00,7.452069282531738,1,23
2019-01-07 00:00:00,14.621223449707031,1,0
2019-01-07 00:15:00,9.507621765136719,1,0
2019-01-07 00:30:00,8.538613319396973,1,0
2019-01-07 00:45:00,7.109042167663574,1,0
2019-01-07 01:00:00,8.460234642028809,1,1
2019-01-07 01:15:00,7.6363325119018555,1,1
2019-01-07 01:30:00,6.569190502166748,1,1
2019-01-07 01:45:00,5.181326389312744,1,1
2019-01-07 02:00:00,6.368922233581543,1,2
2019-01-07 02:15:00,5.5260467529296875,1,2
2019-01-07 02:30:00,4.953537464141846,1,2
2019-01-07 02:45:00,4.597141265869141,1,2
2019-01-07 03:00:00,4.703169822692871,1,3
2019-01-07 03:15:00,4.475687026977539,1,3
2019-01-07 03:30:00,4.424810409545898,1,3
2019-01-07 03:45:00,4.467489719390869,1,3
2019-01-07 04:00:00,4.586132526397705,1,4
2019-01-07 04:15:00,4.545342445373535,1,4
2019-01-07 04:30:00,4.481296539306641,1,4
2019-01-07 04:45:00,4.512261867523193,1,4
2019-01-07 05:00:00,4.624035835266113,1,5
2019-01-07 05:15:00,4.523632049560547,1,5
2019-01-07 05:30:00,4.47123384475708,1,5
2019-01-07 05:45:00,4.474358558654785,1,5
2019-01-07 06:00:00,4.586132526397705,1,6
2019-01-07 06:15:00,4.460954666137695,1,6
2019-01-07 06:30:00,4.366086483001709,1,6
2019-01-07 06:45:00,4.369211196899414,1,6
2019-01-07 07:00:00,4.7967705726623535,1,7
2019-01-07 07:15:00,4.730754375457764,1,7
2019-01-07 07:30:00,5.174818515777588,1,7
2019-01-07 07:45:00,6.124018669128418,1,7
2019-01-07 08:00:00,29.36536407470703,1,8
2019-01-07 08:15:00,23.320934295654297,1,8
2019-01-07 08:30:00,17.7849178314209,1,8
2019-01-07 08:45:00,17.980756759643555,1,8
2019-01-07 09:00:00,23.03187370300293,1,9
2019-01-07 09:15:00,17.876340866088867,1,9
2019-01-07 09:30:00,17.391935348510742,1,9
2019-01-07 09:45:00,17.905677795410156,1,9
2019-01-07 10:00:00,23.647266387939453,1,10
2019-01-07 10:15:00,21.88170623779297,1,10
2019-01-07 10:30:00,23.237228393554688,1,10
2019-01-07 10:45:00,23.07326889038086,1,10
2019-01-07 11:00:00,21.63199234008789,1,11
2019-01-07 11:15:00,20.30258560180664,1,11
2019-01-07 11:30:00,18.59628677368164,1,11
2019-01-07 11:45:00,17.328960418701172,1,11
2019-01-07 12:00:00,18.11789321899414,1,12
2019-01-07 12:15:00,14.860601425170898,1,12
2019-01-07 12:30:00,15.607108116149902,1,12
2019-01-07 12:45:00,15.300901412963867,1,12
2019-01-07 13:00:00,24.76099395751953,1,13
2019-01-07 13:15:00,22.896753311157227,1,13
2019-01-07 13:30:00,23.50029182434082,1,13
2019-01-07 13:45:00,23.39019775390625,1,13
2019-01-07 14:00:00,22.42552947998047,1,14
2019-01-07 14:15:00,22.364845275878906,1,14
2019-01-07 14:30:00,23.285091400146484,1,14
2019-01-07 14:45:00,21.958547592163086,1,14
2019-01-07 15:00:00,23.185834884643555,1,15
2019-01-07 15:15:00,20.097246170043945,1,15
2019-01-07 15:30:00,22.324678421020508,1,15
2019-01-07 15:45:00,22.98353385925293,1,15
2019-01-07 16:00:00,22.079145431518555,1,16
2019-01-07 16:15:00,11.347776412963867,1,16
2019-01-07 16:30:00,8.901391983032227,1,16
2019-01-07 16:45:00,8.595500946044922,1,16
2019-01-07 17:00:00,9.188982009887695,1,17
2019-01-07 17:15:00,8.826408386230469,1,17
2019-01-07 17:30:00,5.3663153648376465,1,17
2019-01-07 17:45:00,5.705659866333008,1,17
2019-01-07 18:00:00,4.509787559509277,1,18
2019-01-07 18:15:00,5.529271602630615,1,18
2019-01-07 18:30:00,4.439652442932129,1,18
2019-01-07 18:45:00,4.562456130981445,1,18
2019-01-07 19:00:00,4.679806232452393,1,19
2019-01-07 19:15:00,4.614695072174072,1,19
2019-01-07 19:30:00,4.612672328948975,1,19
2019-01-07 19:45:00,4.745626926422119,1,19
2019-01-07 20:00:00,4.9862060546875,1,20
2019-01-07 20:15:00,5.001220226287842,1,20
2019-01-07 20:30:00,4.780498504638672,1,20
2019-01-07 20:45:00,3.8770081996917725,1,20
2019-01-07 21:00:00,3.46524715423584,1,21
2019-01-07 21:15:00,4.060229778289795,1,21
2019-01-07 21:30:00,4.165674686431885,1,21
2019-01-07 21:45:00,4.245198726654053,1,21
2019-01-07 22:00:00,4.331608772277832,1,22
2019-01-07 22:15:00,4.651206016540527,1,22
2019-01-07 22:30:00,4.607120513916016,1,22
2019-01-07 22:45:00,4.731470584869385,1,22
2019-01-07 23:00:00,5.1951799392700195,1,23
2019-01-07 23:15:00,5.182072639465332,1,23
2019-01-07 23:30:00,5.5518341064453125,1,23
2019-01-07 23:45:00,7.664235591888428,1,23
2019-01-08 00:00:00,13.653206825256348,1,0
2019-01-08 00:15:00,8.747008323669434,1,0
2019-01-08 00:30:00,7.788987636566162,1,0
2019-01-08 00:45:00,7.008053302764893,1,0
2019-01-08 01:00:00,8.047667503356934,1,1
2019-01-08 01:15:00,7.175472736358643,1,1
2019-01-08 01:30:00,6.168936252593994,1,1
2019-01-08 01:45:00,5.381946086883545,1,1
2019-01-08 02:00:00,7.050323963165283,1,2
2019-01-08 02:15:00,6.245489597320557,1,2
2019-01-08 02:30:00,5.049365997314453,1,2
2019-01-08 02:45:00,4.589641094207764,1,2
2019-01-08 03:00:00,6.34566593170166,1,3
2019-01-08 03:15:00,4.97882080078125,1,3
2019-01-08 03:30:00,4.533267021179199,1,3
2019-01-08 03:45:00,4.464299201965332,1,3
2019-01-08 04:00:00,4.792704105377197,1,4
2019-01-08 04:15:00,4.527791500091553,1,4
2019-01-08 04:30:00,4.502435207366943,1,4
2019-01-08 04:45:00,4.512567520141602,1,4
2019-01-08 05:00:00,4.6243414878845215,1,5
2019-01-08 05:15:00,4.545648097991943,1,5
2019-01-08 05:30:00,4.5094428062438965,1,5
2019-01-08 05:45:00,4.512567520141602,1,5
2019-01-08 06:00:00,4.6243414878845215,1,6
2019-01-08 06:15:00,4.499163627624512,1,6
2019-01-08 06:30:00,4.404295444488525,1,6
2019-01-08 06:45:00,4.4074201583862305,1,6
2019-01-08 07:00:00,4.830639839172363,1,7
2019-01-08 07:15:00,4.79197359085083,1,7
2019-01-08 07:30:00,5.281110763549805,1,7
2019-01-08 07:45:00,6.7630510330200195,1,7
2019-01-08 08:00:00,34.65974044799805,1,8
2019-01-08 08:15:00,25.199586868286133,1,8
2019-01-08 08:30:00,18.986101150512695,1,8
2019-01-08 08:45:00,17.69996452331543,1,8
2019-01-08 09:00:00,23.17823600769043,1,9
2019-01-08 09:15:00,18.209714889526367,1,9
2019-01-08 09:30:00,17.252117156982422,1,9
2019-01-08 09:45:00,17.57762336730957,1,9
2019-01-08 10:00:00,23.897350311279297,1,10
2019-01-08 10:15:00,22.489822387695312,1,10
2019-01-08 10:30:00,22.559539794921875,1,10
2019-01-08 10:45:00,22.832069396972656,1,10
2019-01-08 11:00:00,22.140769958496094,1,11
2019-01-08 11:15:00,20.65040397644043,1,11
2019-01-08 11:30:00,17.896751403808594,1,11
2019-01-08 11:45:00,17.1201114654541,1,11
2019-01-08 12:00:00,18.453041076660156,1,12
2019-01-08 12:15:00,15.312127113342285,1,12
2019-01-08 12:30:00,14.528607368469238,1,12
2019-01-08 12:45:00,16.10042953491211,1,12
2019-01-08 13:00:00,25.280988693237305,1,13
2019-01-08 13:15:00,23.472867965698242,1,13
2019-01-08 13:30:00,23.491559982299805,1,13
2019-01-08 13:45:00,23.363019943237305,1,13
2019-01-08 14:00:00,22.926828384399414,1,14
2019-01-08 14:15:00,22.91175079345703,1,14
2019-01-08 14:30:00,21.703495025634766,1,14
2019-01-08 14:45:00,23.0100154876709,1,14
2019-01-08 15:00:00,22.016569137573242,1,15
2019-01-08 15:15:00,23.2922420501709,1,15
2019-01-08 15:30:00,21.43321990966797,1,15
2019-01-08 15:45:00,21.633563995361328,1,15
2019-01-08 16:00:00,23.456571578979492,1,16
2019-01-08 16:15:00,11.195663452148438,1,16
2019-01-08 16:30:00,8.525704383850098,1,16
2019-01-08 16:45:00,8.462045669555664,1,16
2019-01-08 17:00:00,9.72790813446045,1,17
2019-01-08 17:15:00,9.020166397094727,1,17
2019-01-08 17:30:00,5.175336837768555,1,17
2019-01-08 17:45:00,5.158738136291504,1,17
2019-01-08 18:00:00,3.3363420963287354,1,18
2019-01-08 18:15:00,5.025059700012207,1,18
2019-01-08 18:30:00,2.738166332244873,1,18
2019-01-08 18:45:00,4.54693603515625,1,18
2019-01-08 19:00:00,4.398331165313721,1,19
2019-01-08 19:15:00,4.531344890594482,1,19
2019-01-08 19:30:00,5.162909984588623,1,19
2019-01-08 19:45:00,5.041555404663086,1,19
2019-01-08 20:00:00,6.251946449279785,1,20
2019-01-08 20:15:00,7.6033406257629395,1,20
2019-01-08 20:30:00,11.131072998046875,1,20
2019-01-08 20:45:00,6.968685626983643,1,20
2019-01-08 21:00:00,7.650650978088379,1,21
2019-01-08 21:15:00,8.247572898864746,1,21
2019-01-08 21:30:00,7.114805221557617,1,21
2019-01-08 21:45:00,7.121327877044678,1,21
2019-01-08 22:00:00,7.878335952758789,1,22
2019-01-08 22:15:00,7.295246601104736,1,22
2019-01-08 22:30:00,6.84035062789917,1,22
2019-01-08 22:45:00,6.527133464813232,1,22
2019-01-08 23:00:00,7.338976860046387,1,23
2019-01-08 23:15:00,7.611056804656982,1,23
2019-01-08 23:30:00,7.073092460632324,1,23
2019-01-08 23:45:00,8.152785301208496,1,23
2019-01-09 00:00:00,12.584716796875,1,0
2019-01-09 00:15:00,11.060420036315918,1,0
2019-01-09 00:30:00,9.313732147216797,1,0
2019-01-09 00:45:00,7.161547660827637,1,0
2019-01-09 01:00:00,7.810550689697266,1,1
2019-01-09 01:15:00,6.511735439300537,1,1
2019-01-09 01:30:00,5.453498840332031,1,1
2019-01-09 01:45:00,5.531678199768066,1,1
2019-01-09 02:00:00,6.973585605621338,1,2
2019-01-09 02:15:00,6.0696210861206055,1,2
2019-01-09 02:30:00,5.108372211456299,1,2
2019-01-09 02:45:00,4.6656575202941895,1,2
2019-01-09 03:00:00,6.329257011413574,1,3
2019-01-09 03:15:00,4.994167327880859,1,3
2019-01-09 03:30:00,4.596607208251953,1,3
2019-01-09 03:45:00,4.526914119720459,1,3
2019-01-09 04:00:00,4.765154838562012,1,4
2019-01-09 04:15:00,4.497100830078125,1,4
2019-01-09 04:30:00,4.4647369384765625,1,4
2019-01-09 04:45:00,4.474869251251221,1,4
2019-01-09 05:00:00,4.586643218994141,1,5
2019-01-09 05:15:00,4.5079498291015625,1,5
2019-01-09 05:30:00,4.471744537353516,1,5
2019-01-09 05:45:00,4.474869251251221,1,5
2019-01-09 06:00:00,4.586643218994141,1,6
2019-01-09 06:15:00,4.461465358734131,1,6
2019-01-09 06:30:00,4.3665971755981445,1,6
2019-01-09 06:45:00,4.36972188949585,1,6
2019-01-09 07:00:00,4.792941570281982,1,7
2019-01-09 07:15:00,4.754275321960449,1,7
2019-01-09 07:30:00,5.243412494659424,1,7
2019-01-09 07:45:00,6.725352764129639,1,7
2019-01-09 08:00:00,34.202571868896484,1,8
2019-01-09 08:15:00,24.444198608398438,1,8
2019-01-09 08:30:00,17.00481605529785,1,8
2019-01-09 08:45:00,17.37889862060547,1,8
2019-01-09 09:00:00,22.857881546020508,1,9
2019-01-09 09:15:00,17.714889526367188,1,9
2019-01-09 09:30:00,17.93143081665039,1,9
2019-01-09 09:45:00,18.58286476135254,1,9
2019-01-09 10:00:00,23.80647850036621,1,10
2019-01-09 10:15:00,22.4012451171875,1,10
2019-01-09 10:30:00,22.0961971282959,1,10
2019-01-09 10:45:00,23.812381744384766,1,10
2019-01-09 11:00:00,21.838001251220703,1,11
2019-01-09 11:15:00,20.57732391357422,1,11
2019-01-09 11:30:00,18.344324111938477,1,11
2019-01-09 11:45:00,17.0905818939209,1,11
2019-01-09 12:00:00,18.261964797973633,1,12
2019-01-09 12:15:00,15.13405704498291,1,12
2019-01-09 12:30:00,14.4909086227417,1,12
2019-01-09 12:45:00,16.050256729125977,1,12
2019-01-09 13:00:00,25.101593017578125,1,13
2019-01-09 13:15:00,22.994434356689453,1,13
2019-01-09 13:30:00,23.402769088745117,1,13
2019-01-09 13:45:00,23.473779678344727,1,13
2019-01-09 14:00:00,22.675077438354492,1,14
2019-01-09 14:15:00,22.850019454956055,1,14
2019-01-09 14:30:00,21.436609268188477,1,14
2019-01-09 14:45:00,22.35517120361328,1,14
2019-01-09 15:00:00,22.71689224243164,1,15
2019-01-09 15:15:00,21.29092025756836,1,15
2019-01-09 15:30:00,21.761112213134766,1,15
2019-01-09 15:45:00,21.86507797241211,1,15
2019-01-09 16:00:00,23.381568908691406,1,16
2019-01-09 16:15:00,12.09742259979248,1,16
2019-01-09 16:30:00,8.619102478027344,1,16
2019-01-09 16:45:00,8.32669448852539,1,16
2019-01-09 17:00:00,9.492128372192383,1,17
2019-01-09 17:15:00,9.195874214172363,1,17
2019-01-09 17:30:00,5.1776323318481445,1,17
2019-01-09 17:45:00,4.894099235534668,1,17
2019-01-09 18:00:00,3.0695927143096924,1,18
2019-01-09 18:15:00,4.720847129821777,1,18
2019-01-09 18:30:00,2.9652626514434814,1,18
2019-01-09 18:45:00,4.598290920257568,1,18
2019-01-09 19:00:00,5.762912273406982,1,19
2019-01-09 19:15:00,5.863345146179199,1,19
2019-01-09 19:30:00,7.53324031829834,1,19
2019-01-09 19:45:00,10.443312644958496,1,19
2019-01-09 20:00:00,13.353574752807617,1,20
2019-01-09 20:15:00,11.15512752532959,1,20
2019-01-09 20:30:00,11.100778579711914,1,20
2019-01-09 20:45:00,6.991545677185059,1,20
2019-01-09 21:00:00,6.816035270690918,1,21
2019-01-09 21:15:00,7.000667572021484,1,21
2019-01-09 21:30:00,6.9181952476501465,1,21
2019-01-09 21:45:00,6.96967887878418,1,21
2019-01-09 22:00:00,7.597178936004639,1,22
2019-01-09 22:15:00,7.320605278015137,1,22
2019-01-09 22:30:00,6.928305625915527,1,22
2019-01-09 22:45:00,6.977302074432373,1,22
2019-01-09 23:00:00,8.138076782226562,1,23
2019-01-09 23:15:00,6.999380111694336,1,23
2019-01-09 23:30:00,6.856138706207275,1,23
2019-01-09 23:45:00,8.077712059020996,1,23
2019-01-10 00:00:00,12.7564697265625,1,0
2019-01-10 00:15:00,11.059111595153809,1,0
2019-01-10 00:30:00,9.217429161071777,1,0
2019-01-10 00:45:00,7.160239219665527,1,0
2019-01-10 01:00:00,7.434554100036621,1,1
2019-01-10 01:15:00,6.546641826629639,1,1
2019-01-10 01:30:00,5.749614238739014,1,1
2019-01-10 01:45:00,5.354738235473633,1,1
2019-01-10 02:00:00,6.143789768218994,1,2
2019-01-10 02:15:00,5.870652198791504,1,2
2019-01-10 02:30:00,5.2333598136901855,1,2
2019-01-10 02:45:00,4.8854146003723145,1,2
2019-01-10 03:00:00,4.918316841125488,1,3
2019-01-10 03:15:00,4.673290252685547,1,3
2019-01-10 03:30:00,4.586030960083008,1,3
2019-01-10 03:45:00,4.529101848602295,1,3
2019-01-10 04:00:00,4.650886535644531,1,4
2019-01-10 04:15:00,4.495792388916016,1,4
2019-01-10 04:30:00,4.470436096191406,1,4
2019-01-10 04:45:00,4.473560810089111,1,4
2019-01-10 05:00:00,4.585334777832031,1,5
2019-01-10 05:15:00,4.506641387939453,1,5
2019-01-10 05:30:00,4.470436096191406,1,5
2019-01-10 05:45:00,4.473560810089111,1,5
2019-01-10 06:00:00,4.585334777832031,1,6
2019-01-10 06:15:00,4.4601569175720215,1,6
2019-01-10 06:30:00,4.365288734436035,1,6
2019-01-10 06:45:00,4.36841344833374,1,6
2019-01-10 07:00:00,4.791633129119873,1,7
2019-01-10 07:15:00,4.75296688079834,1,7
2019-01-10 07:30:00,5.2421040534973145,1,7
2019-01-10 07:45:00,6.724044322967529,1,7
2019-01-10 08:00:00,34.332942962646484,1,8
2019-01-10 08:15:00,24.630258560180664,1,8
2019-01-10 08:30:00,16.89905548095703,1,8
2019-01-10 08:45:00,17.20703887939453,1,8
2019-01-10 09:00:00,22.80358123779297,1,9
2019-01-10 09:15:00,17.52806854248047,1,9
2019-01-10 09:30:00,17.91597557067871,1,9
2019-01-10 09:45:00,18.513057708740234,1,9
2019-01-10 10:00:00,23.76384735107422,1,10
2019-01-10 10:15:00,22.358613967895508,1,10
2019-01-10 10:30:00,22.917325973510742,1,10
2019-01-10 10:45:00,22.8418025970459,1,10
2019-01-10 11:00:00,22.052953720092773,1,11
2019-01-10 11:15:00,20.834327697753906,1,11
2019-01-10 11:30:00,17.853130340576172,1,11
2019-01-10 11:45:00,17.047407150268555,1,11
2019-01-10 12:00:00,18.265155792236328,1,12
2019-01-10 12:15:00,15.255012512207031,1,12
2019-01-10 12:30:00,14.477470397949219,1,12
2019-01-10 12:45:00,16.02010154724121,1,12
2019-01-10 13:00:00,25.324604034423828,1,13
2019-01-10 13:15:00,23.05105209350586,1,13
2019-01-10 13:30:00,23.18947410583496,1,13
2019-01-10 13:45:00,23.350900650024414,1,13
2019-01-10 14:00:00,23.07887077331543,1,14
2019-01-10 14:15:00,22.822113037109375,1,14
2019-01-10 14:30:00,21.644739151000977,1,14
2019-01-10 14:45:00,22.966394424438477,1,14
2019-01-10 15:00:00,21.975858688354492,1,15
2019-01-10 15:15:00,23.262380599975586,1,15
2019-01-10 15:30:00,21.386137008666992,1,15
2019-01-10 15:45:00,21.604326248168945,1,15
2019-01-10 16:00:00,23.412199020385742,1,16
2019-01-10 16:15:00,11.165801048278809,1,16
2019-01-10 16:30:00,8.575013160705566,1,16
2019-01-10 16:45:00,8.4417085647583,1,16
2019-01-10 17:00:00,9.482978820800781,1,17
2019-01-10 17:15:00,9.198346138000488,1,17
2019-01-10 17:30:00,5.135002136230469,1,17
2019-01-10 17:45:00,4.892790794372559,1,17
2019-01-10 18:00:00,3.7024452686309814,1,18
2019-01-10 18:15:00,5.2431840896606445,1,18
2019-01-10 18:30:00,3.570206642150879,1,18
2019-01-10 18:45:00,3.830453872680664,1,18
2019-01-10 19:00:00,4.255340576171875,1,19
2019-01-10 19:15:00,4.300261497497559,1,19
2019-01-10 19:30:00,4.291543006896973,1,19
2019-01-10 19:45:00,4.900010585784912,1,19
2019-01-10 20:00:00,5.2260966300964355,1,20
2019-01-10 20:15:00,5.431065082550049,1,20
2019-01-10 20:30:00,5.345901966094971,1,20
2019-01-10 20:45:00,4.548096179962158,1,20
2019-01-10 21:00:00,4.1274213790893555,1,21
2019-01-10 21:15:00,4.740426063537598,1,21
2019-01-10 21:30:00,4.704812049865723,1,21
2019-01-10 21:45:00,4.728547096252441,1,21
2019-01-10 22:00:00,4.801631450653076,1,22
2019-01-10 22:15:00,4.877305030822754,1,22
2019-01-10 22:30:00,4.862796783447266,1,22
2019-01-10 22:45:00,4.882923126220703,1,22
2019-01-10 23:00:00,5.411980628967285,1,23
2019-01-10 23:15:00,5.350856304168701,1,23
2019-01-10 23:30:00,5.674430847167969,1,23
2019-01-10 23:45:00,7.737910747528076,1,23
2019-01-11 00:00:00,13.845778465270996,1,0
2019-01-11 00:15:00,9.065502166748047,1,0
2019-01-11 00:30:00,8.701908111572266,1,0
2019-01-11 00:45:00,7.246572494506836,1,0
2019-01-11 01:00:00,7.696475982666016,1,1
2019-01-11 01:15:00,6.721569538116455,1,1
2019-01-11 01:30:00,5.255237102508545,1,1
2019-01-11 01:45:00,5.250886917114258,1,1
2019-01-11 02:00:00,6.6656060218811035,1,2
2019-01-11 02:15:00,5.7936506271362305,1,2
2019-01-11 02:30:00,5.011234283447266,1,2
2019-01-11 02:45:00,4.612435817718506,1,2
2019-01-11 03:00:00,4.851158142089844,1,3
2019-01-11 03:15:00,4.510698318481445,1,3
2019-01-11 03:30:00,4.391495227813721,1,3
2019-01-11 03:45:00,4.410623073577881,1,3
2019-01-11 04:00:00,4.567169189453125,1,4
2019-01-11 04:15:00,4.477626800537109,1,4
2019-01-11 04:30:00,4.424429893493652,1,4
2019-01-11 04:45:00,4.41670560836792,1,4
2019-01-11 05:00:00,4.567169189453125,1,5
2019-01-11 05:15:00,4.488475799560547,1,5
2019-01-11 05:30:00,4.413580894470215,1,5
2019-01-11 05:45:00,4.41670560836792,1,5
2019-01-11 06:00:00,4.567169189453125,1,6
2019-01-11 06:15:00,4.441991329193115,1,6
2019-01-11 06:30:00,4.305759906768799,1,6
2019-01-11 06:45:00,4.308884620666504,1,6
2019-01-11 07:00:00,4.663176536560059,1,7
2019-01-11 07:15:00,4.575581073760986,1,7
2019-01-11 07:30:00,5.100226402282715,1,7
2019-01-11 07:45:00,5.9484148025512695,1,7
2019-01-11 08:00:00,28.143783569335938,1,8
2019-01-11 08:15:00,23.40298843383789,1,8
2019-01-11 08:30:00,16.06456184387207,1,8
2019-01-11 08:45:00,16.436927795410156,1,8
2019-01-11 09:00:00,21.76252555847168,1,9
2019-01-11 09:15:00,16.851301193237305,1,9
2019-01-11 09:30:00,17.149791717529297,1,9
2019-01-11 09:45:00,17.376298904418945,1,9
2019-01-11 10:00:00,23.06472396850586,1,10
2019-01-11 10:15:00,21.35605239868164,1,10
2019-01-11 10:30:00,22.418716430664062,1,10
2019-01-11 10:45:00,21.86227035522461,1,10
2019-01-11 11:00:00,21.223690032958984,1,11
2019-01-11 11:15:00,19.212623596191406,1,11
2019-01-11 11:30:00,17.519567489624023,1,11
2019-01-11 11:45:00,16.448734283447266,1,11
2019-01-11 12:00:00,17.752094268798828,1,12
2019-01-11 12:15:00,14.592939376831055,1,12
2019-01-11 12:30:00,13.828958511352539,1,12
2019-01-11 12:45:00,14.41939926147461,1,12
2019-01-11 13:00:00,24.42383575439453,1,13
2019-01-11 13:15:00,23.833023071289062,1,13
2019-01-11 13:30:00,22.476749420166016,1,13
2019-01-11 13:45:00,21.75140953063965,1,13
2019-01-11 14:00:00,23.500457763671875,1,14
2019-01-11 14:15:00,20.69298553466797,1,14
2019-01-11 14:30:00,21.21868133544922,1,14
2019-01-11 14:45:00,21.406156539916992,1,14
2019-01-11 15:00:00,22.17189598083496,1,15
2019-01-11 15:15:00,23.278018951416016,1,15
2019-01-11 15:30:00,21.09292984008789,1,15
2019-01-11 15:45:00,21.138267517089844,1,15
2019-01-11 16:00:00,22.643404006958008,1,16
2019-01-11 16:15:00,11.116961479187012,1,16
2019-01-11 16:30:00,8.03580093383789,1,16
2019-01-11 16:45:00,8.148993492126465,1,16
2019-01-11 17:00:00,9.104223251342773,1,17
2019-01-11 17:15:00,9.150673866271973,1,17
2019-01-11 17:30:00,5.395703315734863,1,17
2019-01-11 17:45:00,5.216496467590332,1,17
2019-01-11 18:00:00,4.03934907913208,1,18
2019-01-11 18:15:00,5.766336917877197,1,18
2019-01-11 18:30:00,3.581620216369629,1,18
2019-01-11 18:45:00,4.094888210296631,1,18
2019-01-11 19:00:00,4.280137062072754,1,19
2019-01-11 19:15:00,4.533080101013184,1,19
2019-01-11 19:30:00,4.338990211486816,1,19
2019-01-11 19:45:00,4.863779067993164,1,19
2019-01-11 20:00:00,5.328993797302246,1,20
2019-01-11 20:15:00,5.740140914916992,1,20
2019-01-11 20:30:00,7.096843719482422,1,20
2019-01-11 20:45:00,9.311670303344727,1,20
2019-01-11 21:00:00,8.83267879486084,1,21
2019-01-11 21:15:00,10.68884563446045,1,21
2019-01-11 21:30:00,8.706446647644043,1,21
2019-01-11 21:45:00,7.038448810577393,1,21
2019-01-11 22:00:00,7.900219440460205,1,22
2019-01-11 22:15:00,7.734581470489502,1,22
2019-01-11 22:30:00,6.998514175415039,1,22
2019-01-11 22:45:00,6.935685634613037,1,22
2019-01-11 23:00:00,8.585027694702148,1,23
2019-01-11 23:15:00,6.81534481048584,1,23
2019-01-11 23:30:00,6.339839935302734,1,23
2019-01-11 23:45:00,7.868311882019043,1,23
2019-01-12 00:00:00,13.061651229858398,1,0
2019-01-12 00:15:00,8.939148902893066,1,0
2019-01-12 00:30:00,7.379954814910889,1,0
2019-01-12 00:45:00,6.363931655883789,1,0
2019-01-12 01:00:00,6.907910346984863,1,1
2019-01-12 01:15:00,6.440143585205078,1,1
2019-01-12 01:30:00,5.150571346282959,1,1
2019-01-12 01:45:00,4.635887145996094,1,1
2019-01-12 02:00:00,6.36231803894043,1,2
2019-01-12 02:15:00,4.815869331359863,1,2
2019-01-12 02:30:00,4.485596179962158,1,2
2019-01-12 02:45:00,4.412882328033447,1,2
2019-01-12 03:00:00,4.73007869720459,1,3
2019-01-12 03:15:00,4.399614334106445,1,3
2019-01-12 03:30:00,4.351746559143066,1,3
2019-01-12 03:45:00,4.3231892585754395,1,3
2019-01-12 04:00:00,4.540936470031738,1,4
2019-01-12 04:15:00,4.4010419845581055,1,4
2019-01-12 04:30:00,4.364836692810059,1,4
2019-01-12 04:45:00,4.367961406707764,1,4
2019-01-12 05:00:00,4.518424987792969,1,5
2019-01-12 05:15:00,4.4010419845581055,1,5
2019-01-12 05:30:00,4.364836692810059,1,5
2019-01-12 05:45:00,4.367961406707764,1,5
2019-01-12 06:00:00,4.518424987792969,1,6
2019-01-12 06:15:00,4.365406513214111,1,6
2019-01-12 06:30:00,4.281167984008789,1,6
2019-01-12 06:45:00,4.284292697906494,1,6
2019-01-12 07:00:00,4.434756278991699,1,7
2019-01-12 07:15:00,4.320612907409668,1,7
2019-01-12 07:30:00,4.801502227783203,1,7
2019-01-12 07:45:00,5.5988922119140625,1,7
2019-01-12 08:00:00,17.756568908691406,1,8
2019-01-12 08:15:00,18.669044494628906,1,8
2019-01-12 08:30:00,13.116693496704102,1,8
2019-01-12 08:45:00,12.9120454788208,1,8
2019-01-12 09:00:00,13.985949516296387,1,9
2019-01-12 09:15:00,12.068784713745117,1,9
2019-01-12 09:30:00,10.85252571105957,1,9
2019-01-12 09:45:00,11.403558731079102,1,9
2019-01-12 10:00:00,13.618108749389648,1,10
2019-01-12 10:15:00,18.490633010864258,1,10
2019-01-12 10:30:00,17.891347885131836,1,10
2019-01-12 10:45:00,17.067420959472656,1,10
2019-01-12 11:00:00,16.001041412353516,1,11
2019-01-12 11:15:00,14.32252311706543,1,11
2019-01-12 11:30:00,12.756771087646484,1,11
2019-01-12 11:45:00,11.670900344848633,1,11
2019-01-12 12:00:00,9.573344230651855,1,12
2019-01-12 12:15:00,10.233043670654297,1,12
2019-01-12 12:30:00,9.235788345336914,1,12
2019-01-12 12:45:00,9.801372528076172,1,12
2019-01-12 13:00:00,16.6894588470459,1,13
2019-01-12 13:15:00,21.61089515686035,1,13
2019-01-12 13:30:00,19.368844985961914,1,13
2019-01-12 13:45:00,17.460521697998047,1,13
2019-01-12 14:00:00,15.470091819763184,1,14
2019-01-12 14:15:00,17.358308792114258,1,14
2019-01-12 14:30:00,15.346821784973145,1,14
2019-01-12 14:45:00,16.275480270385742,1,14
2019-01-12 15:00:00,14.546435356140137,1,15
2019-01-12 15:15:00,17.120746612548828,1,15
2019-01-12 15:30:00,16.417001724243164,1,15
2019-01-12 15:45:00,16.85677146911621,1,15
2019-01-12 16:00:00,15.737685203552246,1,16
2019-01-12 16:15:00,8.955738067626953,1,16
2019-01-12 16:30:00,7.702114582061768,1,16
2019-01-12 16:45:00,7.82772159576416,1,16
2019-01-12 17:00:00,8.67522144317627,1,17
2019-01-12 17:15:00,8.40125560760498,1,17
2019-01-12 17:30:00,5.830444812774658,1,17
2019-01-12 17:45:00,5.6182732582092285,1,17
2019-01-12 18:00:00,4.254514217376709,1,18
2019-01-12 18:15:00,5.010541915893555,1,18
2019-01-12 18:30:00,3.790351152420044,1,18
2019-01-12 18:45:00,4.139958381652832,1,18
2019-01-12 19:00:00,4.289430618286133,1,19
2019-01-12 19:15:00,4.312389850616455,1,19
2019-01-12 19:30:00,4.263820648193359,1,19
2019-01-12 19:45:00,4.640145301818848,1,19
2019-01-12 20:00:00,4.7111663818359375,1,20
2019-01-12 20:15:00,4.639865398406982,1,20
2019-01-12 20:30:00,4.66249418258667,1,20
2019-01-12 20:45:00,4.7856035232543945,1,20
2019-01-12 21:00:00,5.033875942230225,1,21
2019-01-12 21:15:00,5.529723644256592,1,21
2019-01-12 21:30:00,5.541512489318848,1,21
2019-01-12 21:45:00,5.393784523010254,1,21
2019-01-12 22:00:00,5.282215595245361,1,22
2019-01-12 22:15:00,5.171379089355469,1,22
2019-01-12 22:30:00,4.927444934844971,1,22
2019-01-12 22:45:00,4.863404273986816,1,22
2019-01-12 23:00:00,4.971279144287109,1,23
2019-01-12 23:15:00,4.953805923461914,1,23
2019-01-12 23:30:00,5.420950412750244,1,23
2019-01-12 23:45:00,7.626720905303955,1,23
2019-01-13 00:00:00,14.072815895080566,1,0
2019-01-13 00:15:00,7.459257125854492,1,0
2019-01-13 00:30:00,7.172896862030029,1,0
2019-01-13 00:45:00,7.1016526222229,1,0
2019-01-13 01:00:00,8.538884162902832,1,1
2019-01-13 01:15:00,6.278011798858643,1,1
2019-01-13 01:30:00,5.242448806762695,1,1
2019-01-13 01:45:00,5.175537109375,1,1
2019-01-13 02:00:00,6.4948320388793945,1,2
2019-01-13 02:15:00,5.5022430419921875,1,2
2019-01-13 02:30:00,4.922327518463135,1,2
2019-01-13 02:45:00,4.5963945388793945,1,2
2019-01-13 03:00:00,4.713689804077148,1,3
2019-01-13 03:15:00,4.471131324768066,1,3
2019-01-13 03:30:00,4.354937553405762,1,3
2019-01-13 03:45:00,4.358062267303467,1,3
2019-01-13 04:00:00,4.5371198654174805,1,4
2019-01-13 04:15:00,4.425065994262695,1,4
2019-01-13 04:30:00,4.361020088195801,1,4
2019-01-13 04:45:00,4.364144802093506,1,4
2019-01-13 05:00:00,4.514608383178711,1,5
2019-01-13 05:15:00,4.397225379943848,1,5
2019-01-13 05:30:00,4.361020088195801,1,5
2019-01-13 05:45:00,4.364144802093506,1,5
2019-01-13 06:00:00,4.514608383178711,1,6
2019-01-13 06:15:00,4.3615899085998535,1,6
2019-01-13 06:30:00,4.277351379394531,1,6
2019-01-13 06:45:00,4.280476093292236,1,6
2019-01-13 07:00:00,4.430939674377441,1,7
2019-01-13 07:15:00,4.31679630279541,1,7
2019-01-13 07:30:00,4.797685623168945,1,7
2019-01-13 07:45:00,5.595075607299805,1,7
2019-01-13 08:00:00,17.75275230407715,1,8
2019-01-13 08:15:00,19.32147216796875,1,8
2019-01-13 08:30:00,13.695489883422852,1,8
2019-01-13 08:45:00,14.110613822937012,1,8
2019-01-13 09:00:00,14.147904396057129,1,9
2019-01-13 09:15:00,13.180944442749023,1,9
2019-01-13 09:30:00,11.056347846984863,1,9
2019-01-13 09:45:00,11.527310371398926,1,9
2019-01-13 10:00:00,13.829800605773926,1,10
2019-01-13 10:15:00,12.972227096557617,1,10
2019-01-13 10:30:00,14.486411094665527,1,10
2019-01-13 10:45:00,14.88347339630127,1,10
2019-01-13 11:00:00,13.998520851135254,1,11
2019-01-13 11:15:00,10.912282943725586,1,11
2019-01-13 11:30:00,8.910868644714355,1,11
2019-01-13 11:45:00,7.771974563598633,1,11
2019-01-13 12:00:00,9.798912048339844,1,12
2019-01-13 12:15:00,9.082446098327637,1,12
2019-01-13 12:30:00,9.308245658874512,1,12
2019-01-13 12:45:00,12.228154182434082,1,12
2019-01-13 13:00:00,18.834142684936523,1,13
2019-01-13 13:15:00,18.618017196655273,1,13
2019-01-13 13:30:00,17.0197696685791,1,13
2019-01-13 13:45:00,13.791829109191895,1,13
2019-01-13 14:00:00,14.476975440979004,1,14
2019-01-13 14:15:00,13.501340866088867,1,14
2019-01-13 14:30:00,12.628462791442871,1,14
2019-01-13 14:45:00,11.802742004394531,1,14
2019-01-13 15:00:00,13.983846664428711,1,15
2019-01-13 15:15:00,13.358331680297852,1,15
2019-01-13 15:30:00,13.284506797790527,1,15
2019-01-13 15:45:00,14.912174224853516,1,15
2019-01-13 16:00:00,14.79866886138916,1,16
2019-01-13 16:15:00,10.410530090332031,1,16
2019-01-13 16:30:00,8.095329284667969,1,16
2019-01-13 16:45:00,7.764707088470459,1,16
2019-01-13 17:00:00,8.870597839355469,1,17
2019-01-13 17:15:00,8.829622268676758,1,17
2019-01-13 17:30:00,5.600513935089111,1,17
2019-01-13 17:45:00,5.288702487945557,1,17
2019-01-13 18:00:00,3.84027361869812,1,18
2019-01-13 18:15:00,5.109253883361816,1,18
2019-01-13 18:30:00,3.425513505935669,1,18
2019-01-13 18:45:00,3.7464184761047363,1,18
2019-01-13 19:00:00,4.021566390991211,1,19
2019-01-13 19:15:00,3.9931838512420654,1,19
2019-01-13 19:30:00,3.9480373859405518,1,19
2019-01-13 19:45:00,4.3072309494018555,1,19
2019-01-13 20:00:00,4.406525611877441,1,20
2019-01-13 20:15:00,4.3586812019348145,1,20
2019-01-13 20:30:00,4.363117218017578,1,20
2019-01-13 20:45:00,4.511327266693115,1,20
2019-01-13 21:00:00,4.659646034240723,1,21
2019-01-13 21:15:00,4.591672897338867,1,21
2019-01-13 21:30:00,4.566316604614258,1,21
2019-01-13 21:45:00,4.627967357635498,1,21
2019-01-13 22:00:00,4.749469757080078,1,22
2019-01-13 22:15:00,4.663547515869141,1,22
2019-01-13 22:30:00,4.638191223144531,1,22
2019-01-13 22:45:00,4.773560047149658,1,22
2019-01-13 23:00:00,4.953168869018555,1,23
2019-01-13 23:15:00,4.913051128387451,1,23
2019-01-13 23:30:00,5.380194664001465,1,23
2019-01-13 23:45:00,7.609654426574707,1,23
2019-01-14 00:00:00,14.633041381835938,1,0
2019-01-14 00:15:00,9.86962604522705,1,0
2019-01-14 00:30:00,8.838762283325195,1,0
2019-01-14 00:45:00,7.22439432144165,1,0
2019-01-14 01:00:00,8.937795639038086,1,1
2019-01-14 01:15:00,6.710334300994873,1,1
2019-01-14 01:30:00,5.357465744018555,1,1
2019-01-14 01:45:00,5.332388877868652,1,1
2019-01-14 02:00:00,6.679408550262451,1,2
2019-01-14 02:15:00,5.632041931152344,1,2
2019-01-14 02:30:00,4.9869208335876465,1,2
2019-01-14 02:45:00,4.615299224853516,1,2
2019-01-14 03:00:00,4.8540215492248535,1,3
2019-01-14 03:15:00,4.551379680633545,1,3
2019-01-14 03:30:00,4.431395530700684,1,3
2019-01-14 03:45:00,4.450523376464844,1,3
2019-01-14 04:00:00,4.607069492340088,1,4
2019-01-14 04:15:00,4.517527103424072,1,4
2019-01-14 04:30:00,4.481314182281494,1,4
2019-01-14 04:45:00,4.473589897155762,1,4
2019-01-14 05:00:00,4.607069492340088,1,5
2019-01-14 05:15:00,4.52837610244751,1,5
2019-01-14 05:30:00,4.492170810699463,1,5
2019-01-14 05:45:00,4.495295524597168,1,5
2019-01-14 06:00:00,4.607069492340088,1,6
2019-01-14 06:15:00,4.481891632080078,1,6
2019-01-14 06:30:00,4.387023448944092,1,6
2019-01-14 06:45:00,4.390148162841797,1,6
2019-01-14 07:00:00,4.779804229736328,1,7
2019-01-14 07:15:00,4.741137981414795,1,7
2019-01-14 07:30:00,5.263838768005371,1,7
2019-01-14 07:45:00,6.745779037475586,1,7
2019-01-14 08:00:00,34.7263069152832,1,8
2019-01-14 08:15:00,24.870201110839844,1,8
2019-01-14 08:30:00,19.308490753173828,1,8
2019-01-14 08:45:00,18.572826385498047,1,8
2019-01-14 09:00:00,23.09674072265625,1,9
2019-01-14 09:15:00,17.932920455932617,1,9
2019-01-14 09:30:00,17.71721649169922,1,9
2019-01-14 09:45:00,18.32257652282715,1,9
2019-01-14 10:00:00,24.043739318847656,1,10
2019-01-14 10:15:00,22.767955780029297,1,10
2019-01-14 10:30:00,23.232662200927734,1,10
2019-01-14 10:45:00,23.845434188842773,1,10
2019-01-14 11:00:00,22.241361618041992,1,11
2019-01-14 11:15:00,20.734712600708008,1,11
2019-01-14 11:30:00,18.4921817779541,1,11
2019-01-14 11:45:00,17.281951904296875,1,11
2019-01-14 12:00:00,18.904525756835938,1,12
2019-01-14 12:15:00,15.075188636779785,1,12
2019-01-14 12:30:00,14.529382705688477,1,12
2019-01-14 12:45:00,16.214536666870117,1,12
2019-01-14 13:00:00,24.51770782470703,1,13
2019-01-14 13:15:00,25.541202545166016,1,13
2019-01-14 13:30:00,23.677946090698242,1,13
2019-01-14 13:45:00,23.062223434448242,1,13
2019-01-14 14:00:00,23.07461166381836,1,14
2019-01-14 14:15:00,22.9069766998291,1,14
2019-01-14 14:30:00,21.935089111328125,1,14
2019-01-14 14:45:00,23.379785537719727,1,14
2019-01-14 15:00:00,22.775293350219727,1,15
2019-01-14 15:15:00,22.059511184692383,1,15
2019-01-14 15:30:00,21.66748809814453,1,15
2019-01-14 15:45:00,22.56902503967285,1,15
2019-01-14 16:00:00,21.373489379882812,1,16
2019-01-14 16:15:00,10.099191665649414,1,16
2019-01-14 16:30:00,9.037826538085938,1,16
2019-01-14 16:45:00,8.85752010345459,1,16
2019-01-14 17:00:00,9.717849731445312,1,17
2019-01-14 17:15:00,8.74725341796875,1,17
2019-01-14 17:30:00,5.267181396484375,1,17
2019-01-14 17:45:00,5.3114519119262695,1,17
2019-01-14 18:00:00,4.135346412658691,1,18
2019-01-14 18:15:00,5.7271623611450195,1,18
2019-01-14 18:30:00,3.5775229930877686,1,18
2019-01-14 18:45:00,4.047667980194092,1,18
2019-01-14 19:00:00,4.234246730804443,1,19
2019-01-14 19:15:00,4.281569480895996,1,19
2019-01-14 19:30:00,4.210919380187988,1,19
2019-01-14 19:45:00,4.6904497146606445,1,19
2019-01-14 20:00:00,4.829693794250488,1,20
2019-01-14 20:15:00,4.814228057861328,1,20
2019-01-14 20:30:00,4.712134838104248,1,20
2019-01-14 20:45:00,4.076236724853516,1,20
2019-01-14 21:00:00,3.6866116523742676,1,21
2019-01-14 21:15:00,4.254085540771484,1,21
2019-01-14 21:30:00,4.362728595733643,1,21
2019-01-14 21:45:00,4.405056476593018,1,21
2019-01-14 22:00:00,4.523219108581543,1,22
2019-01-14 22:15:00,4.664798736572266,1,22
2019-01-14 22:30:00,4.639442443847656,1,22
2019-01-14 22:45:00,4.659946441650391,1,22
2019-01-14 23:00:00,5.231051445007324,1,23
2019-01-14 23:15:00,5.345343589782715,1,23
2019-01-14 23:30:00,5.651469707489014,1,23
2019-01-14 23:45:00,7.833598613739014,1,23
2019-01-15 00:00:00,13.87331485748291,1,0
2019-01-15 00:15:00,9.183597564697266,1,0
2019-01-15 00:30:00,8.836289405822754,1,0
2019-01-15 00:45:00,7.248538017272949,1,0
2019-01-15 01:00:00,8.951855659484863,1,1
2019-01-15 01:15:00,6.2763590812683105,1,1
2019-01-15 01:30:00,5.27345085144043,1,1
2019-01-15 01:45:00,5.340761661529541,1,1
2019-01-15 02:00:00,6.676935195922852,1,2
2019-01-15 02:15:00,5.60707950592041,1,2
2019-01-15 02:30:00,5.048818111419678,1,2
2019-01-15 02:45:00,4.668228626251221,1,2
2019-01-15 03:00:00,5.107854843139648,1,3
2019-01-15 03:15:00,4.854837894439697,1,3
2019-01-15 03:30:00,4.628706932067871,1,3
2019-01-15 03:45:00,4.626533508300781,1,3
2019-01-15 04:00:00,4.783081531524658,1,4
2019-01-15 04:15:00,4.6381354331970215,1,4
2019-01-15 04:30:00,4.612778186798096,1,4
2019-01-15 04:45:00,4.615902900695801,1,4
2019-01-15 05:00:00,4.727677822113037,1,5
2019-01-15 05:15:00,4.648984432220459,1,5
2019-01-15 05:30:00,4.612778186798096,1,5
2019-01-15 05:45:00,4.615902900695801,1,5
2019-01-15 06:00:00,4.727677822113037,1,6
2019-01-15 06:15:00,4.602499961853027,1,6
2019-01-15 06:30:00,4.452875137329102,1,6
2019-01-15 06:45:00,4.387674808502197,1,6
2019-01-15 07:00:00,4.81089448928833,1,7
2019-01-15 07:15:00,4.745004653930664,1,7
2019-01-15 07:30:00,5.255641937255859,1,7
2019-01-15 07:45:00,6.305440425872803,1,7
2019-01-15 08:00:00,32.64143753051758,1,8
2019-01-15 08:15:00,24.149118423461914,1,8
2019-01-15 08:30:00,16.851835250854492,1,8
2019-01-15 08:45:00,17.22629737854004,1,8
2019-01-15 09:00:00,22.760482788085938,1,9
2019-01-15 09:15:00,17.34722900390625,1,9
2019-01-15 09:30:00,17.93523406982422,1,9
2019-01-15 09:45:00,18.479042053222656,1,9
2019-01-15 10:00:00,23.717504501342773,1,10
2019-01-15 10:15:00,22.646875381469727,1,10
2019-01-15 10:30:00,22.397735595703125,1,10
2019-01-15 10:45:00,22.87478256225586,1,10
2019-01-15 11:00:00,22.014530181884766,1,11
2019-01-15 11:15:00,20.722984313964844,1,11
2019-01-15 11:30:00,17.985321044921875,1,11
2019-01-15 11:45:00,16.913272857666016,1,11
2019-01-15 12:00:00,18.2849178314209,1,12
2019-01-15 12:15:00,14.985335350036621,1,12
2019-01-15 12:30:00,14.35849380493164,1,12
2019-01-15 12:45:00,15.95921516418457,1,12
2019-01-15 13:00:00,24.303470611572266,1,13
2019-01-15 13:15:00,24.66391944885254,1,13
2019-01-15 13:30:00,23.38007926940918,1,13
2019-01-15 13:45:00,23.11646270751953,1,13
2019-01-15 14:00:00,22.836864471435547,1,14
2019-01-15 14:15:00,22.63821792602539,1,14
2019-01-15 14:30:00,21.662553787231445,1,14
2019-01-15 14:45:00,22.92005157470703,1,14
2019-01-15 15:00:00,21.964204788208008,1,15
2019-01-15 15:15:00,23.307144165039062,1,15
2019-01-15 15:30:00,21.354928970336914,1,15
2019-01-15 15:45:00,21.549076080322266,1,15
2019-01-15 16:00:00,23.380990982055664,1,16
2019-01-15 16:15:00,11.123747825622559,1,16
2019-01-15 16:30:00,8.491110801696777,1,16
2019-01-15 16:45:00,8.489911079406738,1,16
2019-01-15 17:00:00,9.666841506958008,1,17
2019-01-15 17:15:00,9.163606643676758,1,17
2019-01-15 17:30:00,5.087092399597168,1,17
2019-01-15 17:45:00,5.055733680725098,1,17
2019-01-15 18:00:00,3.584965467453003,1,18
2019-01-15 18:15:00,5.212389945983887,1,18
2019-01-15 18:30:00,2.904698371887207,1,18
2019-01-15 18:45:00,4.558886528015137,1,18
2019-01-15 19:00:00,3.7391209602355957,1,19
2019-01-15 19:15:00,4.14630126953125,1,19
2019-01-15 19:30:00,4.110383033752441,1,19
2019-01-15 19:45:00,4.5481414794921875,1,19
2019-01-15 20:00:00,4.9980998039245605,1,20
2019-01-15 20:15:00,5.345926284790039,1,20
2019-01-15 20:30:00,5.921395778656006,1,20
2019-01-15 20:45:00,5.488635540008545,1,20
2019-01-15 21:00:00,5.804454326629639,1,21
2019-01-15 21:15:00,6.399781703948975,1,21
2019-01-15 21:30:00,6.7725090980529785,1,21
2019-01-15 21:45:00,6.337261199951172,1,21
2019-01-15 22:00:00,6.695601940155029,1,22
2019-01-15 22:15:00,6.120922565460205,1,22
2019-01-15 22:30:00,5.521157264709473,1,22
2019-01-15 22:45:00,5.436858177185059,1,22
2019-01-15 23:00:00,5.582012176513672,1,23
2019-01-15 23:15:00,6.275586128234863,1,23
2019-01-15 23:30:00,6.316987991333008,1,23
2019-01-15 23:45:00,7.734445571899414,1,23
2019-01-16 00:00:00,11.837244987487793,1,0
2019-01-16 00:15:00,9.871663093566895,1,0
2019-01-16 00:30:00,9.260942459106445,1,0
2019-01-16 00:45:00,8.248284339904785,1,0
2019-01-16 01:00:00,9.082551002502441,1,1
2019-01-16 01:15:00,6.813401222229004,1,1
2019-01-16 01:30:00,5.7752814292907715,1,1
2019-01-16 01:45:00,5.492171287536621,1,1
2019-01-16 02:00:00,6.966480731964111,1,2
2019-01-16 02:15:00,6.065795421600342,1,2
2019-01-16 02:30:00,5.085109710693359,1,2
2019-01-16 02:45:00,4.631120681762695,1,2
2019-01-16 03:00:00,6.422287464141846,1,3
2019-01-16 03:15:00,4.6446709632873535,1,3
2019-01-16 03:30:00,4.412545680999756,1,3
2019-01-16 03:45:00,4.676250457763672,1,3
2019-01-16 04:00:00,4.772100925445557,1,4
2019-01-16 04:15:00,4.498488903045654,1,4
2019-01-16 04:30:00,4.427435398101807,1,4
2019-01-16 04:45:00,4.4654083251953125,1,4
2019-01-16 05:00:00,4.610745906829834,1,5
2019-01-16 05:15:00,4.498488903045654,1,5
2019-01-16 05:30:00,4.423593997955322,1,5
2019-01-16 05:45:00,4.4654083251953125,1,5
2019-01-16 06:00:00,4.610745906829834,1,6
2019-01-16 06:15:00,4.46285343170166,1,6
2019-01-16 06:30:00,4.318446636199951,1,6
2019-01-16 06:45:00,4.360260963439941,1,6
2019-01-16 07:00:00,4.783480644226074,1,7
2019-01-16 07:15:00,4.744814395904541,1,7
2019-01-16 07:30:00,5.233951568603516,1,7
2019-01-16 07:45:00,6.7158918380737305,1,7
2019-01-16 08:00:00,34.124691009521484,1,8
2019-01-16 08:15:00,24.221973419189453,1,8
2019-01-16 08:30:00,16.958311080932617,1,8
2019-01-16 08:45:00,17.198884963989258,1,8
2019-01-16 09:00:00,22.807096481323242,1,9
2019-01-16 09:15:00,17.31981658935547,1,9
2019-01-16 09:30:00,17.86423110961914,1,9
2019-01-16 09:45:00,18.451629638671875,1,9
2019-01-16 10:00:00,23.755693435668945,1,10
2019-01-16 10:15:00,22.66992950439453,1,10
2019-01-16 10:30:00,22.42078971862793,1,10
2019-01-16 10:45:00,22.897836685180664,1,10
2019-01-16 11:00:00,22.03758430480957,1,11
2019-01-16 11:15:00,20.74603843688965,1,11
2019-01-16 11:30:00,18.00899887084961,1,11
2019-01-16 11:45:00,16.95304298400879,1,11
2019-01-16 12:00:00,18.257505416870117,1,12
2019-01-16 12:15:00,14.957921028137207,1,12
2019-01-16 12:30:00,14.331079483032227,1,12
2019-01-16 12:45:00,15.931800842285156,1,12
2019-01-16 13:00:00,24.548959732055664,1,13
2019-01-16 13:15:00,24.944664001464844,1,13
2019-01-16 13:30:00,22.405906677246094,1,13
2019-01-16 13:45:00,23.153974533081055,1,13
2019-01-16 14:00:00,23.01744270324707,1,14
2019-01-16 14:15:00,22.630050659179688,1,14
2019-01-16 14:30:00,22.157062530517578,1,14
2019-01-16 14:45:00,23.095792770385742,1,14
2019-01-16 15:00:00,22.25335693359375,1,15
2019-01-16 15:15:00,23.330198287963867,1,15
2019-01-16 15:30:00,20.338603973388672,1,15
2019-01-16 15:45:00,21.957271575927734,1,15
2019-01-16 16:00:00,22.69416046142578,1,16
2019-01-16 16:15:00,12.122468948364258,1,16
2019-01-16 16:30:00,8.559288024902344,1,16
2019-01-16 16:45:00,8.275912284851074,1,16
2019-01-16 17:00:00,9.441346168518066,1,17
2019-01-16 17:15:00,9.130582809448242,1,17
2019-01-16 17:30:00,5.126850128173828,1,17
2019-01-16 17:45:00,4.83406925201416,1,17
2019-01-16 18:00:00,3.3515117168426514,1,18
2019-01-16 18:15:00,4.972793102264404,1,18
2019-01-16 18:30:00,2.7553040981292725,1,18
2019-01-16 18:45:00,4.503844261169434,1,18
2019-01-16 19:00:00,3.764265537261963,1,19
2019-01-16 19:15:00,4.452976703643799,1,19
2019-01-16 19:30:00,5.113880157470703,1,19
2019-01-16 19:45:00,4.709649562835693,1,19
2019-01-16 20:00:00,5.515912055969238,1,20
2019-01-16 20:15:00,5.982415676116943,1,20
2019-01-16 20:30:00,6.889781951904297,1,20
2019-01-16 20:45:00,8.679571151733398,1,20
2019-01-16 21:00:00,9.544266700744629,1,21
2019-01-16 21:15:00,11.503335952758789,1,21
2019-01-16 21:30:00,8.884822845458984,1,21
2019-01-16 21:45:00,7.852990627288818,1,21
2019-01-16 22:00:00,8.967780113220215,1,22
2019-01-16 22:15:00,7.580520153045654,1,22
2019-01-16 22:30:00,6.822975158691406,1,22
2019-01-16 22:45:00,6.512774467468262,1,22
2019-01-16 23:00:00,7.6760406494140625,1,23
2019-01-16 23:15:00,7.570614814758301,1,23
2019-01-16 23:30:00,6.688892841339111,1,23
2019-01-16 23:45:00,8.60888957977295,1,23
2019-01-17 00:00:00,12.23702335357666,1,0
2019-01-17 00:15:00,10.888188362121582,1,0
2019-01-17 00:30:00,9.376835823059082,1,0
2019-01-17 00:45:00,6.730180740356445,1,0
2019-01-17 01:00:00,7.164805889129639,1,1
2019-01-17 01:15:00,6.728603839874268,1,1
2019-01-17 01:30:00,5.46712589263916,1,1
2019-01-17 01:45:00,5.000885009765625,1,1
2019-01-17 02:00:00,6.5864787101745605,1,2
2019-01-17 02:15:00,5.5519585609436035,1,2
2019-01-17 02:30:00,5.041755676269531,1,2
2019-01-17 02:45:00,4.619565010070801,1,2
2019-01-17 03:00:00,4.8364481925964355,1,3
2019-01-17 03:15:00,4.5876336097717285,1,3
2019-01-17 03:30:00,4.50752067565918,1,3
2019-01-17 03:45:00,4.476391792297363,1,3
2019-01-17 04:00:00,4.641425609588623,1,4
2019-01-17 04:15:00,4.486331462860107,1,4
2019-01-17 04:30:00,4.460975170135498,1,4
2019-01-17 04:45:00,4.464099884033203,1,4
2019-01-17 05:00:00,4.575873851776123,1,5
2019-01-17 05:15:00,4.497180461883545,1,5
2019-01-17 05:30:00,4.460975170135498,1,5
2019-01-17 05:45:00,4.464099884033203,1,5
2019-01-17 06:00:00,4.575873851776123,1,6
2019-01-17 06:15:00,4.450695991516113,1,6
2019-01-17 06:30:00,4.355827808380127,1,6
2019-01-17 06:45:00,4.358952522277832,1,6
2019-01-17 07:00:00,4.782172203063965,1,7
2019-01-17 07:15:00,4.721800327301025,1,7
2019-01-17 07:30:00,5.232643127441406,1,7
2019-01-17 07:45:00,6.714583396911621,1,7
2019-01-17 08:00:00,34.123382568359375,1,8
2019-01-17 08:15:00,24.217634201049805,1,8
2019-01-17 08:30:00,16.941545486450195,1,8
2019-01-17 08:45:00,17.19757652282715,1,8
2019-01-17 09:00:00,22.794118881225586,1,9
2019-01-17 09:15:00,17.31850814819336,1,9
2019-01-17 09:30:00,17.86292266845703,1,9
2019-01-17 09:45:00,18.450321197509766,1,9
2019-01-17 10:00:00,23.754384994506836,1,10
2019-01-17 10:15:00,22.668621063232422,1,10
2019-01-17 10:30:00,22.41948127746582,1,10
2019-01-17 10:45:00,22.838573455810547,1,10
2019-01-17 11:00:00,22.04349136352539,1,11
2019-01-17 11:15:00,20.74472999572754,1,11
2019-01-17 11:30:00,18.0076904296875,1,11
2019-01-17 11:45:00,16.95173454284668,1,11
2019-01-17 12:00:00,18.17555809020996,1,12
2019-01-17 12:15:00,14.965317726135254,1,12
2019-01-17 12:30:00,14.329771041870117,1,12
2019-01-17 12:45:00,15.930493354797363,1,12
2019-01-17 13:00:00,24.489696502685547,1,13
2019-01-17 13:15:00,24.610864639282227,1,13
2019-01-17 13:30:00,23.402210235595703,1,13
2019-01-17 13:45:00,23.138208389282227,1,13
2019-01-17 14:00:00,22.87374496459961,1,14
2019-01-17 14:15:00,22.675098419189453,1,14
2019-01-17 14:30:00,21.635276794433594,1,14
2019-01-17 14:45:00,22.956932067871094,1,14
2019-01-17 15:00:00,21.977245330810547,1,15
2019-01-17 15:15:00,23.328889846801758,1,15
2019-01-17 15:30:00,21.37667465209961,1,15
2019-01-17 15:45:00,21.600467681884766,1,15
2019-01-17 16:00:00,23.40273666381836,1,16
2019-01-17 16:15:00,11.160000801086426,1,16
2019-01-17 16:30:00,8.527989387512207,1,16
2019-01-17 16:45:00,8.43224811553955,1,16
2019-01-17 17:00:00,9.570486068725586,1,17
2019-01-17 17:15:00,9.143783569335938,1,17
2019-01-17 17:30:00,5.125541687011719,1,17
2019-01-17 17:45:00,4.832760810852051,1,17
2019-01-17 18:00:00,3.68597674369812,1,18
2019-01-17 18:15:00,5.402556419372559,1,18
2019-01-17 18:30:00,2.8666770458221436,1,18
2019-01-17 18:45:00,4.521774768829346,1,18
2019-01-17 19:00:00,4.529982566833496,1,19
2019-01-17 19:15:00,5.111311435699463,1,19
2019-01-17 19:30:00,5.515862464904785,1,19
2019-01-17 19:45:00,5.246006488800049,1,19
2019-01-17 20:00:00,5.606329441070557,1,20
2019-01-17 20:15:00,5.789089202880859,1,20
2019-01-17 20:30:00,6.427029132843018,1,20
2019-01-17 20:45:00,5.341158390045166,1,20
2019-01-17 21:00:00,4.660101890563965,1,21
2019-01-17 21:15:00,5.292946815490723,1,21
2019-01-17 21:30:00,5.220230579376221,1,21
2019-01-17 21:45:00,5.177413463592529,1,21
2019-01-17 22:00:00,5.115726470947266,1,22
2019-01-17 22:15:00,5.040410995483398,1,22
2019-01-17 22:30:00,4.914556980133057,1,22
2019-01-17 22:45:00,4.961264610290527,1,22
2019-01-17 23:00:00,5.211967945098877,1,23
2019-01-17 23:15:00,5.376758575439453,1,23
2019-01-17 23:30:00,5.6721978187561035,1,23
2019-01-17 23:45:00,7.696211338043213,1,23
2019-01-18 00:00:00,13.781208038330078,1,0
2019-01-18 00:15:00,8.798957824707031,1,0
2019-01-18 00:30:00,8.635462760925293,1,0
2019-01-18 00:45:00,7.22662878036499,1,0
2019-01-18 01:00:00,8.985292434692383,1,1
2019-01-18 01:15:00,6.1767578125,1,1
2019-01-18 01:30:00,5.300651550292969,1,1
2019-01-18 01:45:00,5.27225923538208,1,1
2019-01-18 02:00:00,6.594336032867432,1,2
2019-01-18 02:15:00,5.5441107749938965,1,2
2019-01-18 02:30:00,5.051889419555664,1,2
2019-01-18 02:45:00,4.583909034729004,1,2
2019-01-18 03:00:00,4.80143928527832,1,3
2019-01-18 03:15:00,4.46523380279541,1,3
2019-01-18 03:30:00,4.364543914794922,1,3
2019-01-18 03:45:00,4.383671760559082,1,3
2019-01-18 04:00:00,4.540217876434326,1,4
2019-01-18 04:15:00,4.4506754875183105,1,4
2019-01-18 04:30:00,4.3974785804748535,1,4
2019-01-18 04:45:00,4.389754295349121,1,4
2019-01-18 05:00:00,4.540217876434326,1,5
2019-01-18 05:15:00,4.439818859100342,1,5
2019-01-18 05:30:00,4.386629581451416,1,5
2019-01-18 05:45:00,4.389754295349121,1,5
2019-01-18 06:00:00,4.540217876434326,1,6
2019-01-18 06:15:00,4.404183387756348,1,6
2019-01-18 06:30:00,4.27880859375,1,6
2019-01-18 06:45:00,4.281933307647705,1,6
2019-01-18 07:00:00,4.63622522354126,1,7
2019-01-18 07:15:00,4.531645774841309,1,7
2019-01-18 07:30:00,5.059472560882568,1,7
2019-01-18 07:45:00,5.860551357269287,1,7
2019-01-18 08:00:00,27.00475311279297,1,8
2019-01-18 08:15:00,23.57038688659668,1,8
2019-01-18 08:30:00,16.06649398803711,1,8
2019-01-18 08:45:00,16.458324432373047,1,8
2019-01-18 09:00:00,21.795976638793945,1,9
2019-01-18 09:15:00,16.567663192749023,1,9
2019-01-18 09:30:00,17.026378631591797,1,9
2019-01-18 09:45:00,17.359426498413086,1,9
2019-01-18 10:00:00,23.034698486328125,1,10
2019-01-18 10:15:00,21.60600471496582,1,10
2019-01-18 10:30:00,22.496984481811523,1,10
2019-01-18 10:45:00,21.901893615722656,1,10
2019-01-18 11:00:00,22.000205993652344,1,11
2019-01-18 11:15:00,20.177053451538086,1,11
2019-01-18 11:30:00,16.95524024963379,1,11
2019-01-18 11:45:00,16.247255325317383,1,11
2019-01-18 12:00:00,17.659162521362305,1,12
2019-01-18 12:15:00,14.268656730651855,1,12
2019-01-18 12:30:00,14.61776065826416,1,12
2019-01-18 12:45:00,14.340821266174316,1,12
2019-01-18 13:00:00,24.458980560302734,1,13
2019-01-18 13:15:00,24.029043197631836,1,13
2019-01-18 13:30:00,22.365650177001953,1,13
2019-01-18 13:45:00,23.057764053344727,1,13
2019-01-18 14:00:00,21.925004959106445,1,14
2019-01-18 14:15:00,23.187400817871094,1,14
2019-01-18 14:30:00,20.728668212890625,1,14
2019-01-18 14:45:00,21.18929100036621,1,14
2019-01-18 15:00:00,22.279422760009766,1,15
2019-01-18 15:15:00,22.231060028076172,1,15
2019-01-18 15:30:00,22.370018005371094,1,15
2019-01-18 15:45:00,22.094961166381836,1,15
2019-01-18 16:00:00,23.292062759399414,1,16
2019-01-18 16:15:00,11.383331298828125,1,16
2019-01-18 16:30:00,8.196969032287598,1,16
2019-01-18 16:45:00,8.105685234069824,1,16
2019-01-18 17:00:00,9.31667709350586,1,17
2019-01-18 17:15:00,8.858267784118652,1,17
2019-01-18 17:30:00,5.3617448806762695,1,17
2019-01-18 17:45:00,5.15005350112915,1,17
2019-01-18 18:00:00,3.8863117694854736,1,18
2019-01-18 18:15:00,5.622334957122803,1,18
2019-01-18 18:30:00,3.2730233669281006,1,18
2019-01-18 18:45:00,4.824069976806641,1,18
2019-01-18 19:00:00,4.318854808807373,1,19
2019-01-18 19:15:00,4.555691242218018,1,19
2019-01-18 19:30:00,4.437522888183594,1,19
2019-01-18 19:45:00,4.809996604919434,1,19
2019-01-18 20:00:00,5.230968952178955,1,20
2019-01-18 20:15:00,5.33691930770874,1,20
2019-01-18 20:30:00,5.792116165161133,1,20
2019-01-18 20:45:00,4.950970649719238,1,20
2019-01-18 21:00:00,4.849590301513672,1,21
2019-01-18 21:15:00,5.128459453582764,1,21
2019-01-18 21:30:00,5.120089530944824,1,21
2019-01-18 21:45:00,5.032302379608154,1,21
2019-01-18 22:00:00,5.613137245178223,1,22
2019-01-18 22:15:00,6.164088249206543,1,22
2019-01-18 22:30:00,5.7996087074279785,1,22
2019-01-18 22:45:00,5.477811336517334,1,22
2019-01-18 23:00:00,6.408997058868408,1,23
2019-01-18 23:15:00,6.624326705932617,1,23
2019-01-18 23:30:00,5.527915000915527,1,23
2019-01-18 23:45:00,7.76094388961792,1,23
2019-01-19 00:00:00,11.706298828125,1,0
2019-01-19 00:15:00,8.570941925048828,1,0
2019-01-19 00:30:00,7.877819061279297,1,0
2019-01-19 00:45:00,7.167267322540283,1,0
2019-01-19 01:00:00,7.37256383895874,1,1
2019-01-19 01:15:00,6.301437854766846,1,1
2019-01-19 01:30:00,4.921265125274658,1,1
2019-01-19 01:45:00,4.96272611618042,1,1
2019-01-19 02:00:00,6.436087131500244,1,2
2019-01-19 02:15:00,5.267001152038574,1,2
2019-01-19 02:30:00,4.83740758895874,1,2
2019-01-19 02:45:00,4.587064743041992,1,2
2019-01-19 03:00:00,4.777097702026367,1,3
2019-01-19 03:15:00,4.453640937805176,1,3
2019-01-19 03:30:00,4.330439567565918,1,3
2019-01-19 03:45:00,4.340571880340576,1,3
2019-01-19 04:00:00,4.51962947845459,1,4
2019-01-19 04:15:00,4.385869979858398,1,4
2019-01-19 04:30:00,4.34352970123291,1,4
2019-01-19 04:45:00,4.346654415130615,1,4
2019-01-19 05:00:00,4.49711799621582,1,5
2019-01-19 05:15:00,4.379734992980957,1,5
2019-01-19 05:30:00,4.34352970123291,1,5
2019-01-19 05:45:00,4.346654415130615,1,5
2019-01-19 06:00:00,4.49711799621582,1,6
2019-01-19 06:15:00,4.344099521636963,1,6
2019-01-19 06:30:00,4.259860992431641,1,6
2019-01-19 06:45:00,4.262985706329346,1,6
2019-01-19 07:00:00,4.413449287414551,1,7
2019-01-19 07:15:00,4.2993059158325195,1,7
2019-01-19 07:30:00,4.780195236206055,1,7
2019-01-19 07:45:00,5.577585220336914,1,7
2019-01-19 08:00:00,17.71816635131836,1,8
2019-01-19 08:15:00,19.31874656677246,1,8
2019-01-19 08:30:00,12.59156608581543,1,8
2019-01-19 08:45:00,12.934975624084473,1,8
2019-01-19 09:00:00,13.94754695892334,1,9
2019-01-19 09:15:00,12.299190521240234,1,9
2019-01-19 09:30:00,10.823031425476074,1,9
2019-01-19 09:45:00,11.365156173706055,1,9
2019-01-19 10:00:00,13.593728065490723,1,10
2019-01-19 10:15:00,16.13416862487793,1,10
2019-01-19 10:30:00,17.892805099487305,1,10
2019-01-19 10:45:00,18.23137092590332,1,10
2019-01-19 11:00:00,16.126794815063477,1,11
2019-01-19 11:15:00,14.298603057861328,1,11
2019-01-19 11:30:00,12.637743949890137,1,11
2019-01-19 11:45:00,11.455643653869629,1,11
2019-01-19 12:00:00,9.427886009216309,1,12
2019-01-19 12:15:00,9.218182563781738,1,12
2019-01-19 12:30:00,10.15865707397461,1,12
2019-01-19 12:45:00,9.200197219848633,1,12
2019-01-19 13:00:00,15.435373306274414,1,13
2019-01-19 13:15:00,20.38018035888672,1,13
2019-01-19 13:30:00,19.330612182617188,1,13
2019-01-19 13:45:00,17.811864852905273,1,13
2019-01-19 14:00:00,15.558876991271973,1,14
2019-01-19 14:15:00,17.034700393676758,1,14
2019-01-19 14:30:00,15.848388671875,1,14
2019-01-19 14:45:00,16.1763973236084,1,14
2019-01-19 15:00:00,14.61093807220459,1,15
2019-01-19 15:15:00,16.668041229248047,1,15
2019-01-19 15:30:00,15.621285438537598,1,15
2019-01-19 15:45:00,15.691025733947754,1,15
2019-01-19 16:00:00,15.198456764221191,1,16
2019-01-19 16:15:00,8.948451042175293,1,16
2019-01-19 16:30:00,7.88606595993042,1,16
2019-01-19 16:45:00,7.835078716278076,1,16
2019-01-19 17:00:00,8.564480781555176,1,17
2019-01-19 17:15:00,8.3799467086792,1,17
2019-01-19 17:30:00,5.843322277069092,1,17
2019-01-19 17:45:00,5.59696626663208,1,17
2019-01-19 18:00:00,4.263765335083008,1,18
2019-01-19 18:15:00,5.077661991119385,1,18
2019-01-19 18:30:00,3.713636875152588,1,18
2019-01-19 18:45:00,4.058636665344238,1,18
2019-01-19 19:00:00,4.220772743225098,1,19
2019-01-19 19:15:00,4.26664400100708,1,19
2019-01-19 19:30:00,4.257654190063477,1,19
2019-01-19 19:45:00,4.618838310241699,1,19
2019-01-19 20:00:00,4.689859390258789,1,20
2019-01-19 20:15:00,4.618558406829834,1,20
2019-01-19 20:30:00,4.563735008239746,1,20
2019-01-19 20:45:00,4.584151744842529,1,20
2019-01-19 21:00:00,4.7843546867370605,1,21
2019-01-19 21:15:00,4.785864353179932,1,21
2019-01-19 21:30:00,4.687469959259033,1,21
2019-01-19 21:45:00,4.770153522491455,1,21
2019-01-19 22:00:00,5.013167858123779,1,22
2019-01-19 22:15:00,5.026871681213379,1,22
2019-01-19 22:30:00,4.824085712432861,1,22
2019-01-19 22:45:00,4.802016258239746,1,22
2019-01-19 23:00:00,5.038400173187256,1,23
2019-01-19 23:15:00,4.960055828094482,1,23
2019-01-19 23:30:00,5.3842267990112305,1,23
2019-01-19 23:45:00,7.569803714752197,1,23
2019-01-20 00:00:00,13.030437469482422,1,0
2019-01-20 00:15:00,7.681282997131348,1,0
2019-01-20 00:30:00,7.1860432624816895,1,0
2019-01-20 00:45:00,6.664638519287109,1,0
2019-01-20 01:00:00,7.821704864501953,1,1
2019-01-20 01:15:00,6.498283863067627,1,1
2019-01-20 01:30:00,5.152475833892822,1,1
2019-01-20 01:45:00,5.096751689910889,1,1
2019-01-20 02:00:00,6.482065200805664,1,2
2019-01-20 02:15:00,5.185174942016602,1,2
2019-01-20 02:30:00,4.793144702911377,1,2
2019-01-20 02:45:00,4.512750625610352,1,2
2019-01-20 03:00:00,4.682853698730469,1,3
2019-01-20 03:15:00,4.384892463684082,1,3
2019-01-20 03:30:00,4.33001708984375,1,3
2019-01-20 03:45:00,4.340149402618408,1,3
2019-01-20 04:00:00,4.519207000732422,1,4
2019-01-20 04:15:00,4.379312515258789,1,4
2019-01-20 04:30:00,4.343107223510742,1,4
2019-01-20 04:45:00,4.346231937408447,1,4
2019-01-20 05:00:00,4.496695518493652,1,5
2019-01-20 05:15:00,4.379312515258789,1,5
2019-01-20 05:30:00,4.343107223510742,1,5
2019-01-20 05:45:00,4.346231937408447,1,5
2019-01-20 06:00:00,4.496695518493652,1,6
2019-01-20 06:15:00,4.343677043914795,1,6
2019-01-20 06:30:00,4.259438514709473,1,6
2019-01-20 06:45:00,4.262563228607178,1,6
2019-01-20 07:00:00,4.413026809692383,1,7
2019-01-20 07:15:00,4.298883438110352,1,7
2019-01-20 07:30:00,4.781770706176758,1,7
2019-01-20 07:45:00,5.579160690307617,1,7
2019-01-20 08:00:00,17.719741821289062,1,8
2019-01-20 08:15:00,19.375019073486328,1,8
2019-01-20 08:30:00,12.931148529052734,1,8
2019-01-20 08:45:00,13.732126235961914,1,8
2019-01-20 09:00:00,14.006622314453125,1,9
2019-01-20 09:15:00,12.73219108581543,1,9
2019-01-20 09:30:00,11.056534767150879,1,9
2019-01-20 09:45:00,11.487382888793945,1,9
2019-01-20 10:00:00,13.826440811157227,1,10
2019-01-20 10:15:00,12.812234878540039,1,10
2019-01-20 10:30:00,14.437575340270996,1,10
2019-01-20 10:45:00,14.38122844696045,1,10
2019-01-20 11:00:00,13.87381362915039,1,11
2019-01-20 11:15:00,10.77293872833252,1,11
2019-01-20 11:30:00,8.742403030395508,1,11
2019-01-20 11:45:00,8.124564170837402,1,11
2019-01-20 12:00:00,9.853407859802246,1,12
2019-01-20 12:15:00,9.062572479248047,1,12
2019-01-20 12:30:00,9.808623313903809,1,12
2019-01-20 12:45:00,12.029061317443848,1,12
2019-01-20 13:00:00,18.63789176940918,1,13
2019-01-20 13:15:00,18.129772186279297,1,13
2019-01-20 13:30:00,16.72968101501465,1,13
2019-01-20 13:45:00,14.023170471191406,1,13
2019-01-20 14:00:00,14.287084579467773,1,14
2019-01-20 14:15:00,13.532696723937988,1,14
2019-01-20 14:30:00,12.584774017333984,1,14
2019-01-20 14:45:00,11.75390625,1,14
2019-01-20 15:00:00,13.93501091003418,1,15
2019-01-20 15:15:00,13.30949592590332,1,15
2019-01-20 15:30:00,13.235671043395996,1,15
2019-01-20 15:45:00,14.966235160827637,1,15
2019-01-20 16:00:00,14.731199264526367,1,16
2019-01-20 16:15:00,10.505819320678711,1,16
2019-01-20 16:30:00,8.03991985321045,1,16
2019-01-20 16:45:00,7.709069728851318,1,16
2019-01-20 17:00:00,8.883522987365723,1,17
2019-01-20 17:15:00,8.811707496643066,1,17
2019-01-20 17:30:00,5.578497409820557,1,17
2019-01-20 17:45:00,5.216787815093994,1,17
2019-01-20 18:00:00,4.233871936798096,1,18
2019-01-20 18:15:00,5.330103397369385,1,18
2019-01-20 18:30:00,4.028771877288818,1,18
2019-01-20 18:45:00,4.409395217895508,1,18
2019-01-20 19:00:00,4.491584777832031,1,19
2019-01-20 19:15:00,4.425549030303955,1,19
2019-01-20 19:30:00,4.434045791625977,1,19
2019-01-20 19:45:00,4.525562286376953,1,19
2019-01-20 20:00:00,4.641335487365723,1,20
2019-01-20 20:15:00,4.558642864227295,1,20
2019-01-20 20:30:00,4.507925033569336,1,20
2019-01-20 20:45:00,4.558926582336426,1,20
2019-01-20 21:00:00,4.704264163970947,1,21
2019-01-20 21:15:00,4.652863502502441,1,21
2019-01-20 21:30:00,4.5939435958862305,1,21
2019-01-20 21:45:00,4.6140594482421875,1,21
2019-01-20 22:00:00,4.79416036605835,1,22
2019-01-20 22:15:00,4.721189498901367,1,22
2019-01-20 22:30:00,4.695832252502441,1,22
2019-01-20 22:45:00,4.766495227813721,1,22
2019-01-20 23:00:00,4.949549674987793,1,23
2019-01-20 23:15:00,4.963253498077393,1,23
2019-01-20 23:30:00,5.376575469970703,1,23
2019-01-20 23:45:00,7.614700794219971,1,23
2019-01-21 00:00:00,14.362421989440918,1,0
2019-01-21 00:15:00,9.459138870239258,1,0
2019-01-21 00:30:00,8.381437301635742,1,0
2019-01-21 00:45:00,6.787575721740723,1,0
2019-01-21 01:00:00,7.942715167999268,1,1
2019-01-21 01:15:00,6.64225435256958,1,1
2019-01-21 01:30:00,5.281770706176758,1,1
2019-01-21 01:45:00,5.299966335296631,1,1
2019-01-21 02:00:00,6.666641712188721,1,2
2019-01-21 02:15:00,5.361425399780273,1,2
2019-01-21 02:30:00,4.901495933532715,1,2
2019-01-21 02:45:00,4.616569519042969,1,2
2019-01-21 03:00:00,4.816352367401123,1,3
2019-01-21 03:15:00,4.533466815948486,1,3
2019-01-21 03:30:00,4.384334564208984,1,3
2019-01-21 03:45:00,4.383889198303223,1,3
2019-01-21 04:00:00,4.540435314178467,1,4
2019-01-21 04:15:00,4.450892925262451,1,4
2019-01-21 04:30:00,4.386847019195557,1,4
2019-01-21 04:45:00,4.389971733093262,1,4
2019-01-21 05:00:00,4.540435314178467,1,5
2019-01-21 05:15:00,4.440036296844482,1,5
2019-01-21 05:30:00,4.386847019195557,1,5
2019-01-21 05:45:00,4.389971733093262,1,5
2019-01-21 06:00:00,4.540435314178467,1,6
2019-01-21 06:15:00,4.404400825500488,1,6
2019-01-21 06:30:00,4.2816996574401855,1,6
2019-01-21 06:45:00,4.284824371337891,1,6
2019-01-21 07:00:00,4.713170051574707,1,7
2019-01-21 07:15:00,4.635814189910889,1,7
2019-01-21 07:30:00,5.199202537536621,1,7
2019-01-21 07:45:00,6.681142807006836,1,7
2019-01-21 08:00:00,34.10408020019531,1,8
2019-01-21 08:15:00,24.468791961669922,1,8
2019-01-21 08:30:00,17.570558547973633,1,8
2019-01-21 08:45:00,17.789594650268555,1,8
2019-01-21 09:00:00,23.367223739624023,1,9
2019-01-21 09:15:00,17.79171371459961,1,9
2019-01-21 09:30:00,18.12947654724121,1,9
2019-01-21 09:45:00,18.972219467163086,1,9
2019-01-21 10:00:00,23.970714569091797,1,10
2019-01-21 10:15:00,22.825071334838867,1,10
2019-01-21 10:30:00,22.75887107849121,1,10
2019-01-21 10:45:00,23.117752075195312,1,10
2019-01-21 11:00:00,22.227785110473633,1,11
2019-01-21 11:15:00,20.982240676879883,1,11
2019-01-21 11:30:00,17.977827072143555,1,11
2019-01-21 11:45:00,17.247159957885742,1,11
2019-01-21 12:00:00,18.783226013183594,1,12
2019-01-21 12:15:00,15.130955696105957,1,12
2019-01-21 12:30:00,14.440919876098633,1,12
2019-01-21 12:45:00,16.09523582458496,1,12
2019-01-21 13:00:00,24.517335891723633,1,13
2019-01-21 13:15:00,25.068077087402344,1,13
2019-01-21 13:30:00,22.599109649658203,1,13
2019-01-21 13:45:00,23.171655654907227,1,13
2019-01-21 14:00:00,23.04258155822754,1,14
2019-01-21 14:15:00,22.769168853759766,1,14
2019-01-21 14:30:00,22.37706184387207,1,14
2019-01-21 14:45:00,23.24245262145996,1,14
2019-01-21 15:00:00,22.960697174072266,1,15
2019-01-21 15:15:00,22.786956787109375,1,15
2019-01-21 15:30:00,20.068073272705078,1,15
2019-01-21 15:45:00,22.145374298095703,1,15
2019-01-21 16:00:00,22.762577056884766,1,16
2019-01-21 16:15:00,12.211612701416016,1,16
2019-01-21 16:30:00,8.716869354248047,1,16
2019-01-21 16:45:00,8.500496864318848,1,16
2019-01-21 17:00:00,9.638419151306152,1,17
2019-01-21 17:15:00,9.093596458435059,1,17
2019-01-21 17:30:00,5.165152549743652,1,17
2019-01-21 17:45:00,5.04198694229126,1,17
2019-01-21 18:00:00,4.293226718902588,1,18
2019-01-21 18:15:00,5.701053142547607,1,18
2019-01-21 18:30:00,4.030529022216797,1,18
2019-01-21 18:45:00,4.362301349639893,1,18
2019-01-21 19:00:00,4.653454303741455,1,19
2019-01-21 19:15:00,4.579489707946777,1,19
2019-01-21 19:30:00,4.509308815002441,1,19
2019-01-21 19:45:00,4.631406784057617,1,19
2019-01-21 20:00:00,4.759787559509277,1,20
2019-01-21 20:15:00,4.697855472564697,1,20
2019-01-21 20:30:00,4.5479044914245605,1,20
2019-01-21 20:45:00,3.732534170150757,1,20
2019-01-21 21:00:00,3.3069424629211426,1,21
2019-01-21 21:15:00,4.040494918823242,1,21
2019-01-21 21:30:00,4.158183574676514,1,21
2019-01-21 21:45:00,4.118249416351318,1,21
2019-01-21 22:00:00,4.2761688232421875,1,22
2019-01-21 22:15:00,4.654753684997559,1,22
2019-01-21 22:30:00,4.5888261795043945,1,22
2019-01-21 22:45:00,4.667994499206543,1,22
2019-01-21 23:00:00,5.283906936645508,1,23
2019-01-21 23:15:00,5.350585460662842,1,23
2019-01-21 23:30:00,5.6469831466674805,1,23
2019-01-21 23:45:00,7.704207420349121,1,23
2019-01-22 00:00:00,13.597966194152832,1,0
2019-01-22 00:15:00,8.838330268859863,1,0
2019-01-22 00:30:00,8.270955085754395,1,0
2019-01-22 00:45:00,6.812279224395752,1,0
2019-01-22 01:00:00,8.33677864074707,1,1
2019-01-22 01:15:00,6.61246919631958,1,1
2019-01-22 01:30:00,5.180395603179932,1,1
2019-01-22 01:45:00,5.260015487670898,1,1
2019-01-22 02:00:00,6.649658679962158,1,2
2019-01-22 02:15:00,5.303548336029053,1,2
2019-01-22 02:30:00,4.909870624542236,1,2
2019-01-22 02:45:00,4.614096164703369,1,2
2019-01-22 03:00:00,4.971048831939697,1,3
2019-01-22 03:15:00,4.617888450622559,1,3
2019-01-22 03:30:00,4.504941940307617,1,3
2019-01-22 03:45:00,4.381415843963623,1,3
2019-01-22 04:00:00,4.537961959838867,1,4
2019-01-22 04:15:00,4.448419570922852,1,4
2019-01-22 04:30:00,4.423063278198242,1,4
2019-01-22 04:45:00,4.387498378753662,1,4
2019-01-22 05:00:00,4.537961959838867,1,5
2019-01-22 05:15:00,4.437562942504883,1,5
2019-01-22 05:30:00,4.384373664855957,1,5
2019-01-22 05:45:00,4.387498378753662,1,5
2019-01-22 06:00:00,4.537961959838867,1,6
2019-01-22 06:15:00,4.401927471160889,1,6
2019-01-22 06:30:00,4.279226303100586,1,6
2019-01-22 06:45:00,4.282351016998291,1,6
2019-01-22 07:00:00,4.710696697235107,1,7
2019-01-22 07:15:00,4.633340835571289,1,7
2019-01-22 07:30:00,5.1967291831970215,1,7
2019-01-22 07:45:00,6.678669452667236,1,7
2019-01-22 08:00:00,33.84196472167969,1,8
2019-01-22 08:15:00,23.802127838134766,1,8
2019-01-22 08:30:00,16.864501953125,1,8
2019-01-22 08:45:00,17.042455673217773,1,8
2019-01-22 09:00:00,22.816102981567383,1,9
2019-01-22 09:15:00,17.36286735534668,1,9
2019-01-22 09:30:00,17.798185348510742,1,9
2019-01-22 09:45:00,18.43475914001465,1,9
2019-01-22 10:00:00,23.644479751586914,1,10
2019-01-22 10:15:00,22.534358978271484,1,10
2019-01-22 10:30:00,22.346454620361328,1,10
2019-01-22 10:45:00,23.6872615814209,1,10
2019-01-22 11:00:00,21.92290496826172,1,11
2019-01-22 11:15:00,20.623655319213867,1,11
2019-01-22 11:30:00,18.123933792114258,1,11
2019-01-22 11:45:00,16.83953285217285,1,11
2019-01-22 12:00:00,18.163618087768555,1,12
2019-01-22 12:15:00,14.864038467407227,1,12
2019-01-22 12:30:00,14.199700355529785,1,12
2019-01-22 12:45:00,15.839925765991211,1,12
2019-01-22 13:00:00,24.230445861816406,1,13
2019-01-22 13:15:00,24.583894729614258,1,13
2019-01-22 13:30:00,23.521299362182617,1,13
2019-01-22 13:45:00,23.065181732177734,1,13
2019-01-22 14:00:00,22.78558349609375,1,14
2019-01-22 14:15:00,22.586936950683594,1,14
2019-01-22 14:30:00,21.5622501373291,1,14
2019-01-22 14:45:00,22.868770599365234,1,14
2019-01-22 15:00:00,21.882474899291992,1,15
2019-01-22 15:15:00,23.234119415283203,1,15
2019-01-22 15:30:00,21.281904220581055,1,15
2019-01-22 15:45:00,21.490562438964844,1,15
2019-01-22 16:00:00,23.338302612304688,1,16
2019-01-22 16:15:00,11.060178756713867,1,16
2019-01-22 16:30:00,8.442636489868164,1,16
2019-01-22 16:45:00,8.331897735595703,1,16
2019-01-22 17:00:00,9.558025360107422,1,17
2019-01-22 17:15:00,8.893933296203613,1,17
2019-01-22 17:30:00,5.025890350341797,1,17
2019-01-22 17:45:00,4.981653690338135,1,17
2019-01-22 18:00:00,3.9438164234161377,1,18
2019-01-22 18:15:00,5.606827735900879,1,18
2019-01-22 18:30:00,3.213196277618408,1,18
2019-01-22 18:45:00,4.7215752601623535,1,18
2019-01-22 19:00:00,4.296853542327881,1,19
2019-01-22 19:15:00,4.410961151123047,1,19
2019-01-22 19:30:00,4.103251934051514,1,19
2019-01-22 19:45:00,4.638953685760498,1,19
2019-01-22 20:00:00,4.7941508293151855,1,20
2019-01-22 20:15:00,4.780298709869385,1,20
2019-01-22 20:30:00,4.6900954246521,1,20
2019-01-22 20:45:00,3.900766134262085,1,20
2019-01-22 21:00:00,3.7483463287353516,1,21
2019-01-22 21:15:00,4.599315166473389,1,21
2019-01-22 21:30:00,4.376114845275879,1,21
2019-01-22 21:45:00,4.4561896324157715,1,21
2019-01-22 22:00:00,4.694566249847412,1,22
2019-01-22 22:15:00,4.891551494598389,1,22
2019-01-22 22:30:00,4.675347805023193,1,22
2019-01-22 22:45:00,4.7330732345581055,1,22
2019-01-22 23:00:00,5.353937149047852,1,23
2019-01-22 23:15:00,5.446904182434082,1,23
2019-01-22 23:30:00,5.933856964111328,1,23
2019-01-22 23:45:00,7.832684516906738,1,23
2019-01-23 00:00:00,13.758769035339355,1,0
2019-01-23 00:15:00,8.730287551879883,1,0
2019-01-23 00:30:00,8.207976341247559,1,0
2019-01-23 00:45:00,6.9625701904296875,1,0
2019-01-23 01:00:00,8.427008628845215,1,1
2019-01-23 01:15:00,6.633815765380859,1,1
2019-01-23 01:30:00,5.241287708282471,1,1
2019-01-23 01:45:00,5.2825727462768555,1,1
2019-01-23 02:00:00,6.672215938568115,1,2
2019-01-23 02:15:00,5.396439075469971,1,2
2019-01-23 02:30:00,4.904116630554199,1,2
2019-01-23 02:45:00,4.658363342285156,1,2
2019-01-23 03:00:00,5.085240840911865,1,3
2019-01-23 03:15:00,4.756544589996338,1,3
2019-01-23 03:30:00,4.5763726234436035,1,3
2019-01-23 03:45:00,4.506877899169922,1,3
2019-01-23 04:00:00,4.595098972320557,1,4
2019-01-23 04:15:00,4.450153827667236,1,4
2019-01-23 04:30:00,4.424797534942627,1,4
2019-01-23 04:45:00,4.427922248840332,1,4
2019-01-23 05:00:00,4.539696216583252,1,5
2019-01-23 05:15:00,4.439297199249268,1,5
2019-01-23 05:30:00,4.386107921600342,1,5
2019-01-23 05:45:00,4.389232635498047,1,5
2019-01-23 06:00:00,4.539696216583252,1,6
2019-01-23 06:15:00,4.403661727905273,1,6
2019-01-23 06:30:00,4.280960559844971,1,6
2019-01-23 06:45:00,4.284085273742676,1,6
2019-01-23 07:00:00,4.712430953979492,1,7
2019-01-23 07:15:00,4.635075092315674,1,7
2019-01-23 07:30:00,5.198463439941406,1,7
2019-01-23 07:45:00,6.680403709411621,1,7
2019-01-23 08:00:00,33.84369659423828,1,8
2019-01-23 08:15:00,23.803863525390625,1,8
2019-01-23 08:30:00,16.878664016723633,1,8
2019-01-23 08:45:00,17.044191360473633,1,8
2019-01-23 09:00:00,22.817838668823242,1,9
2019-01-23 09:15:00,17.36460304260254,1,9
2019-01-23 09:30:00,17.7999210357666,1,9
2019-01-23 09:45:00,18.436494827270508,1,9
2019-01-23 10:00:00,23.679563522338867,1,10
2019-01-23 10:15:00,22.55430793762207,1,10
2019-01-23 10:30:00,22.366403579711914,1,10
2019-01-23 10:45:00,23.707210540771484,1,10
2019-01-23 11:00:00,21.942853927612305,1,11
2019-01-23 11:15:00,20.643604278564453,1,11
2019-01-23 11:30:00,18.15901756286621,1,11
2019-01-23 11:45:00,16.881532669067383,1,11
2019-01-23 12:00:00,18.165353775024414,1,12
2019-01-23 12:15:00,14.865772247314453,1,12
2019-01-23 12:30:00,14.201434135437012,1,12
2019-01-23 12:45:00,15.84166145324707,1,12
2019-01-23 13:00:00,24.472829818725586,1,13
2019-01-23 13:15:00,24.861534118652344,1,13
2019-01-23 13:30:00,22.18673324584961,1,13
2019-01-23 13:45:00,24.505430221557617,1,13
2019-01-23 14:00:00,22.034208297729492,1,14
2019-01-23 14:15:00,23.909828186035156,1,14
2019-01-23 14:30:00,21.16663360595703,1,14
2019-01-23 14:45:00,22.141542434692383,1,14
2019-01-23 15:00:00,23.428390502929688,1,15
2019-01-23 15:15:00,21.30735206604004,1,15
2019-01-23 15:30:00,22.448640823364258,1,15
2019-01-23 15:45:00,21.417926788330078,1,15
2019-01-23 16:00:00,23.144184112548828,1,16
2019-01-23 16:15:00,11.482786178588867,1,16
2019-01-23 16:30:00,8.497509002685547,1,16
2019-01-23 16:45:00,8.28840160369873,1,16
2019-01-23 17:00:00,9.501262664794922,1,17
2019-01-23 17:15:00,8.875548362731934,1,17
2019-01-23 17:30:00,5.142906188964844,1,17
2019-01-23 17:45:00,4.831099987030029,1,17
2019-01-23 18:00:00,3.7328803539276123,1,18
2019-01-23 18:15:00,5.284690856933594,1,18
2019-01-23 18:30:00,3.4471397399902344,1,18
2019-01-23 18:45:00,3.781031847000122,1,18
2019-01-23 19:00:00,4.185574054718018,1,19
2019-01-23 19:15:00,4.220533847808838,1,19
2019-01-23 19:30:00,4.238795757293701,1,19
2019-01-23 19:45:00,4.402413368225098,1,19
2019-01-23 20:00:00,4.8392252922058105,1,20
2019-01-23 20:15:00,4.893432140350342,1,20
2019-01-23 20:30:00,4.691829681396484,1,20
2019-01-23 20:45:00,4.050013542175293,1,20
2019-01-23 21:00:00,4.201380252838135,1,21
2019-01-23 21:15:00,5.310027122497559,1,21
2019-01-23 21:30:00,5.006371021270752,1,21
2019-01-23 21:45:00,4.802217960357666,1,21
2019-01-23 22:00:00,4.994112014770508,1,22
2019-01-23 22:15:00,5.529862880706787,1,22
2019-01-23 22:30:00,5.516252517700195,1,22
2019-01-23 22:45:00,5.598757743835449,1,22
2019-01-23 23:00:00,6.444490432739258,1,23
2019-01-23 23:15:00,6.232102870941162,1,23
2019-01-23 23:30:00,6.092261791229248,1,23
2019-01-23 23:45:00,7.826014518737793,1,23
2019-01-24 00:00:00,12.281917572021484,1,0
2019-01-24 00:15:00,8.94377613067627,1,0
2019-01-24 00:30:00,8.535194396972656,1,0
2019-01-24 00:45:00,6.75270414352417,1,0
2019-01-24 01:00:00,7.1712164878845215,1,1
2019-01-24 01:15:00,6.650801181793213,1,1
2019-01-24 01:30:00,5.297300338745117,1,1
2019-01-24 01:45:00,4.868494510650635,1,1
2019-01-24 02:00:00,6.40750789642334,1,2
2019-01-24 02:15:00,5.155167102813721,1,2
2019-01-24 02:30:00,4.717213153839111,1,2
2019-01-24 02:45:00,4.528972148895264,1,2
2019-01-24 03:00:00,4.708794116973877,1,3
2019-01-24 03:15:00,4.418900966644287,1,3
2019-01-24 03:30:00,4.352973461151123,1,3
2019-01-24 03:45:00,4.352528095245361,1,3
2019-01-24 04:00:00,4.5090742111206055,1,4
2019-01-24 04:15:00,4.391691207885742,1,4
2019-01-24 04:30:00,4.355485916137695,1,4
2019-01-24 04:45:00,4.3586106300354,1,4
2019-01-24 05:00:00,4.5090742111206055,1,5
2019-01-24 05:15:00,4.391691207885742,1,5
2019-01-24 05:30:00,4.355485916137695,1,5
2019-01-24 05:45:00,4.3586106300354,1,5
2019-01-24 06:00:00,4.5090742111206055,1,6
2019-01-24 06:15:00,4.356055736541748,1,6
2019-01-24 06:30:00,4.272726535797119,1,6
2019-01-24 06:45:00,4.275851249694824,1,6
2019-01-24 07:00:00,4.621950626373291,1,7
2019-01-24 07:15:00,4.544594764709473,1,7
2019-01-24 07:30:00,5.095563888549805,1,7
2019-01-24 07:45:00,6.060657501220703,1,7
2019-01-24 08:00:00,31.58758544921875,1,8
2019-01-24 08:15:00,21.793087005615234,1,8
2019-01-24 08:30:00,16.806377410888672,1,8
2019-01-24 08:45:00,17.293272018432617,1,8
2019-01-24 09:00:00,22.875844955444336,1,9
2019-01-24 09:15:00,18.137521743774414,1,9
2019-01-24 09:30:00,17.949670791625977,1,9
2019-01-24 09:45:00,18.59355926513672,1,9
2019-01-24 10:00:00,23.724571228027344,1,10
2019-01-24 10:15:00,22.339675903320312,1,10
2019-01-24 10:30:00,23.30341339111328,1,10
2019-01-24 10:45:00,22.85251235961914,1,10
2019-01-24 11:00:00,22.041919708251953,1,11
2019-01-24 11:15:00,20.77298355102539,1,11
2019-01-24 11:30:00,18.189855575561523,1,11
2019-01-24 11:45:00,16.878833770751953,1,11
2019-01-24 12:00:00,18.087310791015625,1,12
2019-01-24 12:15:00,14.877073287963867,1,12
2019-01-24 12:30:00,15.180267333984375,1,12
2019-01-24 12:45:00,14.950892448425293,1,12
2019-01-24 13:00:00,25.207273483276367,1,13
2019-01-24 13:15:00,22.672840118408203,1,13
2019-01-24 13:30:00,23.283050537109375,1,13
2019-01-24 13:45:00,23.112751007080078,1,13
2019-01-24 14:00:00,23.089580535888672,1,14
2019-01-24 14:15:00,23.246919631958008,1,14
2019-01-24 14:30:00,21.704471588134766,1,14
2019-01-24 14:45:00,22.846656799316406,1,14
2019-01-24 15:00:00,22.180828094482422,1,15
2019-01-24 15:15:00,21.812782287597656,1,15
2019-01-24 15:30:00,22.872516632080078,1,15
2019-01-24 15:45:00,20.913803100585938,1,15
2019-01-24 16:00:00,23.1393985748291,1,16
2019-01-24 16:15:00,10.837882041931152,1,16
2019-01-24 16:30:00,8.68667221069336,1,16
2019-01-24 16:45:00,8.170928955078125,1,16
2019-01-24 17:00:00,9.287613868713379,1,17
2019-01-24 17:15:00,9.07762336730957,1,17
2019-01-24 17:30:00,5.06639289855957,1,17
2019-01-24 17:45:00,4.665558338165283,1,17
2019-01-24 18:00:00,4.040968894958496,1,18
2019-01-24 18:15:00,5.571578502655029,1,18
2019-01-24 18:30:00,4.040714740753174,1,18
2019-01-24 18:45:00,4.372036457061768,1,18
2019-01-24 19:00:00,4.643423557281494,1,19
2019-01-24 19:15:00,4.682216167449951,1,19
2019-01-24 19:30:00,4.583918571472168,1,19
2019-01-24 19:45:00,4.650613784790039,1,19
2019-01-24 20:00:00,4.930466651916504,1,20
2019-01-24 20:15:00,5.063729286193848,1,20
2019-01-24 20:30:00,4.7428107261657715,1,20
2019-01-24 20:45:00,4.115684509277344,1,20
2019-01-24 21:00:00,3.9579174518585205,1,21
2019-01-24 21:15:00,4.597906112670898,1,21
2019-01-24 21:30:00,4.482417583465576,1,21
2019-01-24 21:45:00,4.4915595054626465,1,21
2019-01-24 22:00:00,4.676373481750488,1,22
2019-01-24 22:15:00,4.771670341491699,1,22
2019-01-24 22:30:00,4.668735027313232,1,22
2019-01-24 22:45:00,4.655675411224365,1,22
2019-01-24 23:00:00,5.059487342834473,1,23
2019-01-24 23:15:00,5.100873947143555,1,23
2019-01-24 23:30:00,5.45850944519043,1,23
2019-01-24 23:45:00,7.6888041496276855,1,23
2019-01-25 00:00:00,13.251811981201172,1,0
2019-01-25 00:15:00,8.327856063842773,1,0
2019-01-25 00:30:00,8.139131546020508,1,0
2019-01-25 00:45:00,6.781113624572754,1,0
2019-01-25 01:00:00,7.766207218170166,1,1
2019-01-25 01:15:00,6.733170986175537,1,1
2019-01-25 01:30:00,5.396372318267822,1,1
2019-01-25 01:45:00,4.974820137023926,1,1
2019-01-25 02:00:00,6.391142845153809,1,2
2019-01-25 02:15:00,5.042026042938232,1,2
2019-01-25 02:30:00,4.585752964019775,1,2
2019-01-25 02:45:00,4.422937393188477,1,2
2019-01-25 03:00:00,4.638245105743408,1,3
2019-01-25 03:15:00,4.348351955413818,1,3
2019-01-25 03:30:00,4.315988063812256,1,3
2019-01-25 03:45:00,4.276853084564209,1,3
2019-01-25 04:00:00,4.472088813781738,1,4
2019-01-25 04:15:00,4.354705810546875,1,4
2019-01-25 04:30:00,4.318500518798828,1,4
2019-01-25 04:45:00,4.321625232696533,1,4
2019-01-25 05:00:00,4.472088813781738,1,5
2019-01-25 05:15:00,4.354705810546875,1,5
2019-01-25 05:30:00,4.308772087097168,1,5
2019-01-25 05:45:00,4.311896800994873,1,5
2019-01-25 06:00:00,4.472088813781738,1,6
2019-01-25 06:15:00,4.319070339202881,1,6
2019-01-25 06:30:00,4.223339080810547,1,6
2019-01-25 06:45:00,4.228600978851318,1,6
2019-01-25 07:00:00,4.514358043670654,1,7
2019-01-25 07:15:00,4.452341079711914,1,7
2019-01-25 07:30:00,4.995468616485596,1,7
2019-01-25 07:45:00,5.792474269866943,1,7
2019-01-25 08:00:00,27.971376419067383,1,8
2019-01-25 08:15:00,22.875505447387695,1,8
2019-01-25 08:30:00,16.073408126831055,1,8
2019-01-25 08:45:00,16.4398250579834,1,8
2019-01-25 09:00:00,22.166027069091797,1,9
2019-01-25 09:15:00,16.455459594726562,1,9
2019-01-25 09:30:00,17.214990615844727,1,9
2019-01-25 09:45:00,17.511178970336914,1,9
2019-01-25 10:00:00,23.152366638183594,1,10
2019-01-25 10:15:00,21.40161895751953,1,10
2019-01-25 10:30:00,22.50883674621582,1,10
2019-01-25 10:45:00,21.980632781982422,1,10
2019-01-25 11:00:00,21.344526290893555,1,11
2019-01-25 11:15:00,19.242769241333008,1,11
2019-01-25 11:30:00,17.539600372314453,1,11
2019-01-25 11:45:00,16.46622085571289,1,11
2019-01-25 12:00:00,17.701168060302734,1,12
2019-01-25 12:15:00,14.389622688293457,1,12
2019-01-25 12:30:00,13.711627006530762,1,12
2019-01-25 12:45:00,15.394266128540039,1,12
2019-01-25 13:00:00,23.567399978637695,1,13
2019-01-25 13:15:00,23.61258888244629,1,13
2019-01-25 13:30:00,22.576494216918945,1,13
2019-01-25 13:45:00,21.975833892822266,1,13
2019-01-25 14:00:00,23.42315673828125,1,14
2019-01-25 14:15:00,21.660221099853516,1,14
2019-01-25 14:30:00,22.26605987548828,1,14
2019-01-25 14:45:00,22.728832244873047,1,14
2019-01-25 15:00:00,21.57356834411621,1,15
2019-01-25 15:15:00,22.706790924072266,1,15
2019-01-25 15:30:00,20.602331161499023,1,15
2019-01-25 15:45:00,21.121551513671875,1,15
2019-01-25 16:00:00,22.743188858032227,1,16
2019-01-25 16:15:00,10.68576717376709,1,16
2019-01-25 16:30:00,8.1840238571167,1,16
2019-01-25 16:45:00,8.170641899108887,1,16
2019-01-25 17:00:00,9.208147048950195,1,17
2019-01-25 17:15:00,9.051280975341797,1,17
2019-01-25 17:30:00,5.296314239501953,1,17
2019-01-25 17:45:00,5.0434088706970215,1,17
2019-01-25 18:00:00,4.1638312339782715,1,18
2019-01-25 18:15:00,5.5030975341796875,1,18
2019-01-25 18:30:00,4.319554328918457,1,18
2019-01-25 18:45:00,4.525177478790283,1,18
2019-01-25 19:00:00,4.722074031829834,1,19
2019-01-25 19:15:00,4.637259483337402,1,19
2019-01-25 19:30:00,4.558365345001221,1,19
2019-01-25 19:45:00,4.708303928375244,1,19
2019-01-25 20:00:00,4.942558288574219,1,20
2019-01-25 20:15:00,4.997985363006592,1,20
2019-01-25 20:30:00,4.653597831726074,1,20
2019-01-25 20:45:00,4.041053295135498,1,20
2019-01-25 21:00:00,3.8909900188446045,1,21
2019-01-25 21:15:00,4.473888874053955,1,21
2019-01-25 21:30:00,4.4138031005859375,1,21
2019-01-25 21:45:00,4.4367475509643555,1,21
2019-01-25 22:00:00,4.60775899887085,1,22
2019-01-25 22:15:00,4.867489814758301,1,22
2019-01-25 22:30:00,4.621826171875,1,22
2019-01-25 22:45:00,4.61592435836792,1,22
2019-01-25 23:00:00,5.120483875274658,1,23
2019-01-25 23:15:00,5.1704325675964355,1,23
2019-01-25 23:30:00,5.459920406341553,1,23
2019-01-25 23:45:00,7.639459609985352,1,23
2019-01-26 00:00:00,12.763946533203125,1,0
2019-01-26 00:15:00,7.677649974822998,1,0
2019-01-26 00:30:00,7.19047212600708,1,0
2019-01-26 00:45:00,6.561076641082764,1,0
2019-01-26 01:00:00,7.270438194274902,1,1
2019-01-26 01:15:00,6.686481475830078,1,1
2019-01-26 01:30:00,5.199538707733154,1,1
2019-01-26 01:45:00,4.685070514678955,1,1
2019-01-26 02:00:00,6.301796913146973,1,2
2019-01-26 02:15:00,4.6970062255859375,1,2
2019-01-26 02:30:00,4.3644256591796875,1,2
2019-01-26 02:45:00,4.343019485473633,1,2
2019-01-26 03:00:00,4.626652240753174,1,3
2019-01-26 03:15:00,4.329751491546631,1,3
2019-01-26 03:30:00,4.243194103240967,1,3
2019-01-26 03:45:00,4.245735168457031,1,3
2019-01-26 04:00:00,4.428511142730713,1,4
2019-01-26 04:15:00,4.331179141998291,1,4
2019-01-26 04:30:00,4.305822849273682,1,4
2019-01-26 04:45:00,4.298098564147949,1,4
2019-01-26 05:00:00,4.409872531890869,1,5
2019-01-26 05:15:00,4.3203301429748535,1,5
2019-01-26 05:30:00,4.261788845062256,1,5
2019-01-26 05:45:00,4.264913558959961,1,5
2019-01-26 06:00:00,4.409872531890869,1,6
2019-01-26 06:15:00,4.295543670654297,1,6
2019-01-26 06:30:00,4.223964691162109,1,6
2019-01-26 06:45:00,4.219498157501221,1,6
2019-01-26 07:00:00,4.306029319763184,1,7
2019-01-26 07:15:00,4.273138046264648,1,7
2019-01-26 07:30:00,4.721961975097656,1,7
2019-01-26 07:45:00,5.555932521820068,1,7
2019-01-26 08:00:00,18.794645309448242,1,8
2019-01-26 08:15:00,19.074687957763672,1,8
2019-01-26 08:30:00,13.323966979980469,1,8
2019-01-26 08:45:00,12.95814323425293,1,8
2019-01-26 09:00:00,14.191211700439453,1,9
2019-01-26 09:15:00,12.252568244934082,1,9
2019-01-26 09:30:00,10.953841209411621,1,9
2019-01-26 09:45:00,11.504874229431152,1,9
2019-01-26 10:00:00,13.730966567993164,1,10
2019-01-26 10:15:00,18.406572341918945,1,10
2019-01-26 10:30:00,17.63446807861328,1,10
2019-01-26 10:45:00,17.18276023864746,1,10
2019-01-26 11:00:00,16.114953994750977,1,11
2019-01-26 11:15:00,13.863832473754883,1,11
2019-01-26 11:30:00,12.662908554077148,1,11
2019-01-26 11:45:00,11.595788955688477,1,11
2019-01-26 12:00:00,9.521764755249023,1,12
2019-01-26 12:15:00,10.016641616821289,1,12
2019-01-26 12:30:00,9.02138614654541,1,12
2019-01-26 12:45:00,9.549023628234863,1,12
2019-01-26 13:00:00,15.312821388244629,1,13
2019-01-26 13:15:00,20.334367752075195,1,13
2019-01-26 13:30:00,19.087326049804688,1,13
2019-01-26 13:45:00,17.812273025512695,1,13
2019-01-26 14:00:00,15.711894035339355,1,14
2019-01-26 14:15:00,17.30607795715332,1,14
2019-01-26 14:30:00,15.485932350158691,1,14
2019-01-26 14:45:00,16.39972686767578,1,14
2019-01-26 15:00:00,14.654656410217285,1,15
2019-01-26 15:15:00,17.23360824584961,1,15
2019-01-26 15:30:00,16.33294105529785,1,15
2019-01-26 15:45:00,16.492992401123047,1,15
2019-01-26 16:00:00,15.833558082580566,1,16
2019-01-26 16:15:00,8.958558082580566,1,16
2019-01-26 16:30:00,7.643305778503418,1,16
2019-01-26 16:45:00,7.7766876220703125,1,16
2019-01-26 17:00:00,8.631885528564453,1,17
2019-01-26 17:15:00,8.312570571899414,1,17
2019-01-26 17:30:00,5.7562737464904785,1,17
2019-01-26 17:45:00,5.427703380584717,1,17
2019-01-26 18:00:00,4.16901159286499,1,18
2019-01-26 18:15:00,5.265981197357178,1,18
2019-01-26 18:30:00,4.121173858642578,1,18
2019-01-26 18:45:00,4.357337474822998,1,18
2019-01-26 19:00:00,4.512731075286865,1,19
2019-01-26 19:15:00,4.406124114990234,1,19
2019-01-26 19:30:00,4.414620876312256,1,19
2019-01-26 19:45:00,4.503358364105225,1,19
2019-01-26 20:00:00,4.652695178985596,1,20
2019-01-26 20:15:00,4.570002555847168,1,20
2019-01-26 20:30:00,4.4687371253967285,1,20
2019-01-26 20:45:00,4.536722660064697,1,20
2019-01-26 21:00:00,4.648496627807617,1,21
2019-01-26 21:15:00,4.586246967315674,1,21
2019-01-26 21:30:00,4.571739673614502,1,21
2019-01-26 21:45:00,4.558291912078857,1,21
2019-01-26 22:00:00,4.758494853973389,1,22
2019-01-26 22:15:00,4.719087600708008,1,22
2019-01-26 22:30:00,4.571739673614502,1,22
2019-01-26 22:45:00,4.576798915863037,1,22
2019-01-26 23:00:00,4.92079496383667,1,23
2019-01-26 23:15:00,4.8390631675720215,1,23
2019-01-26 23:30:00,5.226540565490723,1,23
2019-01-26 23:45:00,7.452197551727295,1,23
2019-01-27 00:00:00,13.496188163757324,1,0
2019-01-27 00:15:00,6.977847576141357,1,0
2019-01-27 00:30:00,6.866798400878906,1,0
2019-01-27 00:45:00,6.571866035461426,1,0
2019-01-27 01:00:00,7.792754650115967,1,1
2019-01-27 01:15:00,6.230504512786865,1,1
2019-01-27 01:30:00,5.046144485473633,1,1
2019-01-27 01:45:00,4.964988708496094,1,1
2019-01-27 02:00:00,6.368069648742676,1,2
2019-01-27 02:15:00,5.035983085632324,1,2
2019-01-27 02:30:00,4.490033149719238,1,2
2019-01-27 02:45:00,4.404314994812012,1,2
2019-01-27 03:00:00,4.626652240753174,1,3
2019-01-27 03:15:00,4.336759090423584,1,3
2019-01-27 03:30:00,4.281883716583252,1,3
2019-01-27 03:45:00,4.253326416015625,1,3
2019-01-27 04:00:00,4.471073627471924,1,4
2019-01-27 04:15:00,4.331179141998291,1,4
2019-01-27 04:30:00,4.294973850250244,1,4
2019-01-27 04:45:00,4.298098564147949,1,4
2019-01-27 05:00:00,4.448562145233154,1,5
2019-01-27 05:15:00,4.331179141998291,1,5
2019-01-27 05:30:00,4.285245418548584,1,5
2019-01-27 05:45:00,4.288370132446289,1,5
2019-01-27 06:00:00,4.426856517791748,1,6
2019-01-27 06:15:00,4.295543670654297,1,6
2019-01-27 06:30:00,4.223964691162109,1,6
2019-01-27 06:45:00,4.219498157501221,1,6
2019-01-27 07:00:00,4.306029319763184,1,7
2019-01-27 07:15:00,4.273138046264648,1,7
2019-01-27 07:30:00,4.721961975097656,1,7
2019-01-27 07:45:00,5.555932521820068,1,7
2019-01-27 08:00:00,18.794645309448242,1,8
2019-01-27 08:15:00,19.316211700439453,1,8
2019-01-27 08:30:00,13.563851356506348,1,8
2019-01-27 08:45:00,13.732255935668945,1,8
2019-01-27 09:00:00,14.315768241882324,1,9
2019-01-27 09:15:00,12.629660606384277,1,9
2019-01-27 09:30:00,11.082096099853516,1,9
2019-01-27 09:45:00,11.595741271972656,1,9
2019-01-27 10:00:00,13.852094650268555,1,10
2019-01-27 10:15:00,12.789410591125488,1,10
2019-01-27 10:30:00,14.267260551452637,1,10
2019-01-27 10:45:00,14.813855171203613,1,10
2019-01-27 11:00:00,14.067876815795898,1,11
2019-01-27 11:15:00,10.738962173461914,1,11
2019-01-27 11:30:00,8.796704292297363,1,11
2019-01-27 11:45:00,7.8372979164123535,1,11
2019-01-27 12:00:00,9.50596809387207,1,12
2019-01-27 12:15:00,8.586398124694824,1,12
2019-01-27 12:30:00,8.520857810974121,1,12
2019-01-27 12:45:00,9.941965103149414,1,12
2019-01-27 13:00:00,16.179264068603516,1,13
2019-01-27 13:15:00,16.61414909362793,1,13
2019-01-27 13:30:00,17.058176040649414,1,13
2019-01-27 13:45:00,14.259682655334473,1,13
2019-01-27 14:00:00,14.47729206085205,1,14
2019-01-27 14:15:00,13.730984687805176,1,14
2019-01-27 14:30:00,12.720012664794922,1,14
2019-01-27 14:45:00,12.059494018554688,1,14
2019-01-27 15:00:00,13.999618530273438,1,15
2019-01-27 15:15:00,13.261714935302734,1,15
2019-01-27 15:30:00,13.142230033874512,1,15
2019-01-27 15:45:00,13.145644187927246,1,15
2019-01-27 16:00:00,14.571353912353516,1,16
2019-01-27 16:15:00,8.862354278564453,1,16
2019-01-27 16:30:00,7.630690097808838,1,16
2019-01-27 16:45:00,7.838738441467285,1,16
2019-01-27 17:00:00,8.872336387634277,1,17
2019-01-27 17:15:00,8.32949161529541,1,17
2019-01-27 17:30:00,5.6989874839782715,1,17
2019-01-27 17:45:00,5.444624423980713,1,17
2019-01-27 18:00:00,4.594720363616943,1,18
2019-01-27 18:15:00,5.35293436050415,1,18
2019-01-27 18:30:00,4.191070556640625,1,18
2019-01-27 18:45:00,4.353622913360596,1,18
2019-01-27 19:00:00,4.464094638824463,1,19
2019-01-27 19:15:00,4.380194664001465,1,19
2019-01-27 19:30:00,4.388691425323486,1,19
2019-01-27 19:45:00,4.477428913116455,1,19
2019-01-27 20:00:00,4.62789249420166,1,20
2019-01-27 20:15:00,4.510509490966797,1,20
2019-01-27 20:30:00,4.442807674407959,1,20
2019-01-27 20:45:00,4.510793209075928,1,20
2019-01-27 21:00:00,4.622567176818848,1,21
2019-01-27 21:15:00,4.571166515350342,1,21
2019-01-27 21:30:00,4.524104595184326,1,21
2019-01-27 21:45:00,4.532362461090088,1,21
2019-01-27 22:00:00,4.677700042724609,1,22
2019-01-27 22:15:00,4.571166515350342,1,22
2019-01-27 22:30:00,4.529237747192383,1,22
2019-01-27 22:45:00,4.550869464874268,1,22
2019-01-27 23:00:00,4.764040946960449,1,23
2019-01-27 23:15:00,4.69106912612915,1,23
2019-01-27 23:30:00,5.158215522766113,1,23
2019-01-27 23:45:00,7.22463846206665,1,23
2019-01-28 00:00:00,14.156140327453613,1,0
2019-01-28 00:15:00,9.064900398254395,1,0
2019-01-28 00:30:00,8.317773818969727,1,0
2019-01-28 00:45:00,6.674551963806152,1,0
2019-01-28 01:00:00,7.568985939025879,1,1
2019-01-28 01:15:00,6.847449779510498,1,1
2019-01-28 01:30:00,5.7714128494262695,1,1
2019-01-28 01:45:00,4.974017143249512,1,1
2019-01-28 02:00:00,6.400369167327881,1,2
2019-01-28 02:15:00,5.371725559234619,1,2
2019-01-28 02:30:00,4.766274452209473,1,2
2019-01-28 02:45:00,4.54481840133667,1,2
2019-01-28 03:00:00,4.652144908905029,1,3
2019-01-28 03:15:00,4.3622517585754395,1,3
2019-01-28 03:30:00,4.336201190948486,1,3
2019-01-28 03:45:00,4.335755825042725,1,3
2019-01-28 04:00:00,4.492301940917969,1,4
2019-01-28 04:15:00,4.3749189376831055,1,4
2019-01-28 04:30:00,4.338713645935059,1,4
2019-01-28 04:45:00,4.341838359832764,1,4
2019-01-28 05:00:00,4.492301940917969,1,5
2019-01-28 05:15:00,4.3749189376831055,1,5
2019-01-28 05:30:00,4.338713645935059,1,5
2019-01-28 05:45:00,4.341838359832764,1,5
2019-01-28 06:00:00,4.492301940917969,1,6
2019-01-28 06:15:00,4.339283466339111,1,6
2019-01-28 06:30:00,4.255954265594482,1,6
2019-01-28 06:45:00,4.2590789794921875,1,6
2019-01-28 07:00:00,4.605178356170654,1,7
2019-01-28 07:15:00,4.527822494506836,1,7
2019-01-28 07:30:00,5.0668768882751465,1,7
2019-01-28 07:45:00,5.971059322357178,1,7
2019-01-28 08:00:00,31.219722747802734,1,8
2019-01-28 08:15:00,22.06691551208496,1,8
2019-01-28 08:30:00,17.44915199279785,1,8
2019-01-28 08:45:00,17.96674156188965,1,8
2019-01-28 09:00:00,23.2672061920166,1,9
2019-01-28 09:15:00,18.54798126220703,1,9
2019-01-28 09:30:00,18.446548461914062,1,9
2019-01-28 09:45:00,19.005516052246094,1,9
2019-01-28 10:00:00,23.98134422302246,1,10
2019-01-28 10:15:00,22.544321060180664,1,10
2019-01-28 10:30:00,22.82924461364746,1,10
2019-01-28 10:45:00,23.450096130371094,1,10
2019-01-28 11:00:00,22.212160110473633,1,11
2019-01-28 11:15:00,21.02179527282715,1,11
2019-01-28 11:30:00,18.462261199951172,1,11
2019-01-28 11:45:00,17.05301856994629,1,11
2019-01-28 12:00:00,18.596620559692383,1,12
2019-01-28 12:15:00,15.0733060836792,1,12
2019-01-28 12:30:00,14.373170852661133,1,12
2019-01-28 12:45:00,16.07504653930664,1,12
2019-01-28 13:00:00,24.36086082458496,1,13
2019-01-28 13:15:00,24.527015686035156,1,13
2019-01-28 13:30:00,23.86226463317871,1,13
2019-01-28 13:45:00,23.414085388183594,1,13
2019-01-28 14:00:00,23.181018829345703,1,14
2019-01-28 14:15:00,22.88589859008789,1,14
2019-01-28 14:30:00,21.8612117767334,1,14
2019-01-28 14:45:00,23.246191024780273,1,14
2019-01-28 15:00:00,22.214765548706055,1,15
2019-01-28 15:15:00,23.686914443969727,1,15
2019-01-28 15:30:00,21.405731201171875,1,15
2019-01-28 15:45:00,21.976884841918945,1,15
2019-01-28 16:00:00,23.597259521484375,1,16
2019-01-28 16:15:00,11.093339920043945,1,16
2019-01-28 16:30:00,8.509334564208984,1,16
2019-01-28 16:45:00,8.51171875,1,16
2019-01-28 17:00:00,9.559723854064941,1,17
2019-01-28 17:15:00,9.107998847961426,1,17
2019-01-28 17:30:00,5.059168815612793,1,17
2019-01-28 17:45:00,4.867784023284912,1,17
2019-01-28 18:00:00,4.200059413909912,1,18
2019-01-28 18:15:00,5.66425085067749,1,18
2019-01-28 18:30:00,4.2195725440979,1,18
2019-01-28 18:45:00,4.370367050170898,1,18
2019-01-28 19:00:00,4.623177528381348,1,19
2019-01-28 19:15:00,4.482961177825928,1,19
2019-01-28 19:30:00,4.461175441741943,1,19
2019-01-28 19:45:00,4.583273410797119,1,19
2019-01-28 20:00:00,4.688197612762451,1,20
2019-01-28 20:15:00,4.649722099304199,1,20
2019-01-28 20:30:00,4.4997711181640625,1,20
2019-01-28 20:45:00,3.6723732948303223,1,20
2019-01-28 21:00:00,3.255115032196045,1,21
2019-01-28 21:15:00,3.9895784854888916,1,21
2019-01-28 21:30:00,4.0023345947265625,1,21
2019-01-28 21:45:00,4.031984806060791,1,21
2019-01-28 22:00:00,4.0562543869018555,1,22
2019-01-28 22:15:00,4.321426868438721,1,22
2019-01-28 22:30:00,4.5406928062438965,1,22
2019-01-28 22:45:00,4.619861125946045,1,22
2019-01-28 23:00:00,5.23577356338501,1,23
2019-01-28 23:15:00,5.151514053344727,1,23
2019-01-28 23:30:00,5.277740955352783,1,23
2019-01-28 23:45:00,7.578552722930908,1,23
2019-01-29 00:00:00,13.160608291625977,1,0
2019-01-29 00:15:00,8.425025939941406,1,0
2019-01-29 00:30:00,8.109797477722168,1,0
2019-01-29 00:45:00,6.696727752685547,1,0
2019-01-29 01:00:00,7.746745586395264,1,1
2019-01-29 01:15:00,6.752646446228027,1,1
2019-01-29 01:30:00,5.407798767089844,1,1
2019-01-29 01:45:00,4.986246585845947,1,1
2019-01-29 02:00:00,6.40256929397583,1,2
2019-01-29 02:15:00,5.14290714263916,1,2
2019-01-29 02:30:00,4.595295429229736,1,2
2019-01-29 02:45:00,4.470584392547607,1,2
2019-01-29 03:00:00,4.738099575042725,1,3
2019-01-29 03:15:00,4.352770805358887,1,3
2019-01-29 03:30:00,4.333727836608887,1,3
2019-01-29 03:45:00,4.333282470703125,1,3
2019-01-29 04:00:00,4.489828586578369,1,4
2019-01-29 04:15:00,4.372445583343506,1,4
2019-01-29 04:30:00,4.336240291595459,1,4
2019-01-29 04:45:00,4.339365005493164,1,4
2019-01-29 05:00:00,4.489828586578369,1,5
2019-01-29 05:15:00,4.372445583343506,1,5
2019-01-29 05:30:00,4.336240291595459,1,5
2019-01-29 05:45:00,4.339365005493164,1,5
2019-01-29 06:00:00,4.489828586578369,1,6
2019-01-29 06:15:00,4.336810111999512,1,6
2019-01-29 06:30:00,4.253480911254883,1,6
2019-01-29 06:45:00,4.256605625152588,1,6
2019-01-29 07:00:00,4.602705001831055,1,7
2019-01-29 07:15:00,4.525349140167236,1,7
2019-01-29 07:30:00,5.064403533935547,1,7
2019-01-29 07:45:00,5.968585968017578,1,7
2019-01-29 08:00:00,30.957609176635742,1,8
2019-01-29 08:15:00,21.592378616333008,1,8
2019-01-29 08:30:00,16.885154724121094,1,8
2019-01-29 08:45:00,17.112239837646484,1,8
2019-01-29 09:00:00,23.228464126586914,1,9
2019-01-29 09:15:00,18.432035446166992,1,9
2019-01-29 09:30:00,18.63392448425293,1,9
2019-01-29 09:45:00,19.408287048339844,1,9
2019-01-29 10:00:00,23.7354679107666,1,10
2019-01-29 10:15:00,22.811412811279297,1,10
2019-01-29 10:30:00,22.4971866607666,1,10
2019-01-29 10:45:00,22.974233627319336,1,10
2019-01-29 11:00:00,22.06568717956543,1,11
2019-01-29 11:15:00,20.799697875976562,1,11
2019-01-29 11:30:00,17.7625789642334,1,11
2019-01-29 11:45:00,16.87736701965332,1,11
2019-01-29 12:00:00,18.18137550354004,1,12
2019-01-29 12:15:00,14.886747360229492,1,12
2019-01-29 12:30:00,14.217456817626953,1,12
2019-01-29 12:45:00,15.9000825881958,1,12
2019-01-29 13:00:00,24.168840408325195,1,13
2019-01-29 13:15:00,24.24319076538086,1,13
2019-01-29 13:30:00,24.177780151367188,1,13
2019-01-29 13:45:00,23.42449378967285,1,13
2019-01-29 14:00:00,23.04339599609375,1,14
2019-01-29 14:15:00,22.737668991088867,1,14
2019-01-29 14:30:00,21.56029510498047,1,14
2019-01-29 14:45:00,23.019502639770508,1,14
2019-01-29 15:00:00,21.995807647705078,1,15
2019-01-29 15:15:00,23.46795654296875,1,15
2019-01-29 15:30:00,21.482057571411133,1,15
2019-01-29 15:45:00,21.60023307800293,1,15
2019-01-29 16:00:00,23.447973251342773,1,16
2019-01-29 16:15:00,10.840397834777832,1,16
2019-01-29 16:30:00,8.246143341064453,1,16
2019-01-29 16:45:00,8.0064115524292,1,16
2019-01-29 17:00:00,9.18206787109375,1,17
2019-01-29 17:15:00,8.90495491027832,1,17
2019-01-29 17:30:00,4.887851715087891,1,17
2019-01-29 17:45:00,4.674907207489014,1,17
2019-01-29 18:00:00,3.7248826026916504,1,18
2019-01-29 18:15:00,5.280651569366455,1,18
2019-01-29 18:30:00,3.4067928791046143,1,18
2019-01-29 18:45:00,3.5636372566223145,1,18
2019-01-29 19:00:00,3.757870674133301,1,19
2019-01-29 19:15:00,3.94588041305542,1,19
2019-01-29 19:30:00,3.789504051208496,1,19
2019-01-29 19:45:00,3.9261739253997803,1,19
2019-01-29 20:00:00,4.087892055511475,1,20
2019-01-29 20:15:00,4.177648544311523,1,20
2019-01-29 20:30:00,4.125460624694824,1,20
2019-01-29 20:45:00,3.2454092502593994,1,20
2019-01-29 21:00:00,2.8540754318237305,1,21
2019-01-29 21:15:00,3.4187817573547363,1,21
2019-01-29 21:30:00,3.5301241874694824,1,21
2019-01-29 21:45:00,3.5956368446350098,1,21
2019-01-29 22:00:00,3.5653350353240967,1,22
2019-01-29 22:15:00,3.741250991821289,1,22
2019-01-29 22:30:00,3.8831114768981934,1,22
2019-01-29 22:45:00,3.903238296508789,1,22
2019-01-29 23:00:00,4.467893123626709,1,23
2019-01-29 23:15:00,4.370779037475586,1,23
2019-01-29 23:30:00,4.8210225105285645,1,23
2019-01-29 23:45:00,6.7218217849731445,1,23
2019-01-30 00:00:00,11.017537117004395,1,0
2019-01-30 00:15:00,8.71316909790039,1,0
2019-01-30 00:30:00,8.082876205444336,1,0
2019-01-30 00:45:00,7.92656135559082,1,0
2019-01-30 01:00:00,8.504913330078125,1,1
2019-01-30 01:15:00,6.798402786254883,1,1
2019-01-30 01:30:00,5.224765777587891,1,1
2019-01-30 01:45:00,5.206630706787109,1,1
2019-01-30 02:00:00,6.604620933532715,1,2
2019-01-30 02:15:00,5.31886625289917,1,2
2019-01-30 02:30:00,4.739862442016602,1,2
2019-01-30 02:45:00,4.567437648773193,1,2
2019-01-30 03:00:00,4.814888954162598,1,3
2019-01-30 03:15:00,4.367825984954834,1,3
2019-01-30 03:30:00,4.3354620933532715,1,3
2019-01-30 03:45:00,4.33501672744751,1,3
2019-01-30 04:00:00,4.491562843322754,1,4
2019-01-30 04:15:00,4.374179840087891,1,4
2019-01-30 04:30:00,4.337974548339844,1,4
2019-01-30 04:45:00,4.341099262237549,1,4
2019-01-30 05:00:00,4.491562843322754,1,5
2019-01-30 05:15:00,4.374179840087891,1,5
2019-01-30 05:30:00,4.337974548339844,1,5
2019-01-30 05:45:00,4.341099262237549,1,5
2019-01-30 06:00:00,4.491562843322754,1,6
2019-01-30 06:15:00,4.3385443687438965,1,6
2019-01-30 06:30:00,4.255215167999268,1,6
2019-01-30 06:45:00,4.258339881896973,1,6
2019-01-30 07:00:00,4.6044392585754395,1,7
2019-01-30 07:15:00,4.527083396911621,1,7
2019-01-30 07:30:00,5.066137790679932,1,7
2019-01-30 07:45:00,5.970320224761963,1,7
2019-01-30 08:00:00,30.9593448638916,1,8
2019-01-30 08:15:00,21.594114303588867,1,8
2019-01-30 08:30:00,16.993045806884766,1,8
2019-01-30 08:45:00,17.113975524902344,1,8
2019-01-30 09:00:00,23.230199813842773,1,9
2019-01-30 09:15:00,18.43377113342285,1,9
2019-01-30 09:30:00,18.63566017150879,1,9
2019-01-30 09:45:00,19.410022735595703,1,9
2019-01-30 10:00:00,23.770551681518555,1,10
2019-01-30 10:15:00,22.831361770629883,1,10
2019-01-30 10:30:00,22.517135620117188,1,10
2019-01-30 10:45:00,23.739248275756836,1,10
2019-01-30 11:00:00,21.985197067260742,1,11
2019-01-30 11:15:00,20.77159881591797,1,11
2019-01-30 11:30:00,18.2607364654541,1,11
2019-01-30 11:45:00,16.932483673095703,1,11
2019-01-30 12:00:00,18.1831111907959,1,12
2019-01-30 12:15:00,14.897186279296875,1,12
2019-01-30 12:30:00,14.214043617248535,1,12
2019-01-30 12:45:00,15.90181827545166,1,12
2019-01-30 13:00:00,24.33086585998535,1,13
2019-01-30 13:15:00,24.183549880981445,1,13
2019-01-30 13:30:00,24.058406829833984,1,13
2019-01-30 13:45:00,24.16259002685547,1,13
2019-01-30 14:00:00,23.108951568603516,1,14
2019-01-30 14:15:00,22.86469841003418,1,14
2019-01-30 14:30:00,21.580244064331055,1,14
2019-01-30 14:45:00,23.008230209350586,1,14
2019-01-30 15:00:00,22.015756607055664,1,15
2019-01-30 15:15:00,23.487905502319336,1,15
2019-01-30 15:30:00,21.611661911010742,1,15
2019-01-30 15:45:00,22.298078536987305,1,15
2019-01-30 16:00:00,24.599828720092773,1,16
2019-01-30 16:15:00,11.080810546875,1,16
2019-01-30 16:30:00,8.28122615814209,1,16
2019-01-30 16:45:00,8.035884857177734,1,16
2019-01-30 17:00:00,9.178192138671875,1,17
2019-01-30 17:15:00,8.91558837890625,1,17
2019-01-30 17:30:00,4.897350311279297,1,17
2019-01-30 17:45:00,4.429879665374756,1,17
2019-01-30 18:00:00,3.9183082580566406,1,18
2019-01-30 18:15:00,5.239041805267334,1,18
2019-01-30 18:30:00,3.5764524936676025,1,18
2019-01-30 18:45:00,3.5998191833496094,1,18
2019-01-30 19:00:00,3.7891106605529785,1,19
2019-01-30 19:15:00,3.9771223068237305,1,19
2019-01-30 19:30:00,3.8263564109802246,1,19
2019-01-30 19:45:00,3.927908182144165,1,19
2019-01-30 20:00:00,4.083902835845947,1,20
2019-01-30 20:15:00,4.179382801055908,1,20
2019-01-30 20:30:00,4.063599586486816,1,20
2019-01-30 20:45:00,3.461888313293457,1,20
2019-01-30 21:00:00,3.112921953201294,1,21
2019-01-30 21:15:00,3.602140188217163,1,21
2019-01-30 21:30:00,3.6381995677948,1,21
2019-01-30 21:45:00,3.6868607997894287,1,21
2019-01-30 22:00:00,3.8357694149017334,1,22
2019-01-30 22:15:00,4.049152374267578,1,22
2019-01-30 22:30:00,3.996656894683838,1,22
2019-01-30 22:45:00,4.224837779998779,1,22
2019-01-30 23:00:00,4.7923102378845215,1,23
2019-01-30 23:15:00,4.838355541229248,1,23
2019-01-30 23:30:00,5.135014057159424,1,23
2019-01-30 23:45:00,7.326496124267578,1,23
2019-01-31 00:00:00,13.909317970275879,1,0
2019-01-31 00:15:00,9.236802101135254,1,0
2019-01-31 00:30:00,8.1640043258667,1,0
2019-01-31 00:45:00,6.466110706329346,1,0
2019-01-31 01:00:00,7.169260025024414,1,1
2019-01-31 01:15:00,6.784270286560059,1,1
2019-01-31 01:30:00,5.556535720825195,1,1
2019-01-31 01:45:00,4.902626037597656,1,1
2019-01-31 02:00:00,6.404634952545166,1,2
2019-01-31 02:15:00,5.149646282196045,1,2
2019-01-31 02:30:00,4.6340227127075195,1,2
2019-01-31 02:45:00,4.532079219818115,1,2
2019-01-31 03:00:00,4.689974308013916,1,3
2019-01-31 03:15:00,4.366517543792725,1,3
2019-01-31 03:30:00,4.334153652191162,1,3
2019-01-31 03:45:00,4.3337082862854,1,3
2019-01-31 04:00:00,4.4902544021606445,1,4
2019-01-31 04:15:00,4.372871398925781,1,4
2019-01-31 04:30:00,4.336666107177734,1,4
2019-01-31 04:45:00,4.3397908210754395,1,4
2019-01-31 05:00:00,4.4902544021606445,1,5
2019-01-31 05:15:00,4.372871398925781,1,5
2019-01-31 05:30:00,4.336666107177734,1,5
2019-01-31 05:45:00,4.3397908210754395,1,5
2019-01-31 06:00:00,4.4902544021606445,1,6
2019-01-31 06:15:00,4.337235927581787,1,6
2019-01-31 06:30:00,4.253906726837158,1,6
2019-01-31 06:45:00,4.257031440734863,1,6
2019-01-31 07:00:00,4.60313081741333,1,7
2019-01-31 07:15:00,4.525774955749512,1,7
2019-01-31 07:30:00,5.064829349517822,1,7
2019-01-31 07:45:00,5.9690117835998535,1,7
2019-01-31 08:00:00,31.21080207824707,1,8
2019-01-31 08:15:00,22.382095336914062,1,8
2019-01-31 08:30:00,17.172306060791016,1,8
2019-01-31 08:45:00,17.497608184814453,1,8
2019-01-31 09:00:00,23.228891372680664,1,9
2019-01-31 09:15:00,18.6878719329834,1,9
2019-01-31 09:30:00,18.70760726928711,1,9
2019-01-31 09:45:00,18.688720703125,1,9
2019-01-31 10:00:00,23.82251739501953,1,10
2019-01-31 10:15:00,22.8524169921875,1,10
2019-01-31 10:30:00,22.515827178955078,1,10
2019-01-31 10:45:00,22.78830909729004,1,10
2019-01-31 11:00:00,22.091543197631836,1,11
2019-01-31 11:15:00,20.81058692932129,1,11
2019-01-31 11:30:00,18.055023193359375,1,11
2019-01-31 11:45:00,16.97089385986328,1,11
2019-01-31 12:00:00,18.101163864135742,1,12
2019-01-31 12:15:00,14.932391166687012,1,12
2019-01-31 12:30:00,14.320047378540039,1,12
2019-01-31 12:45:00,15.90050983428955,1,12
2019-01-31 13:00:00,24.839223861694336,1,13
2019-01-31 13:15:00,22.766149520874023,1,13
2019-01-31 13:30:00,23.540346145629883,1,13
2019-01-31 13:45:00,23.226886749267578,1,13
2019-01-31 14:00:00,22.970090866088867,1,14
2019-01-31 14:15:00,23.402250289916992,1,14
2019-01-31 14:30:00,21.73162269592285,1,14
2019-01-31 14:45:00,23.0784854888916,1,14
2019-01-31 15:00:00,22.518550872802734,1,15
2019-01-31 15:15:00,20.456562042236328,1,15
2019-01-31 15:30:00,22.003114700317383,1,15
2019-01-31 15:45:00,21.968385696411133,1,15
2019-01-31 16:00:00,23.46661376953125,1,16
2019-01-31 16:15:00,12.776596069335938,1,16
2019-01-31 16:30:00,8.372706413269043,1,16
2019-01-31 16:45:00,7.807601451873779,1,16
2019-01-31 17:00:00,9.051301002502441,1,17
2019-01-31 17:15:00,8.674158096313477,1,17
2019-01-31 17:30:00,5.030735969543457,1,17
2019-01-31 17:45:00,4.6159162521362305,1,17
2019-01-31 18:00:00,3.869633674621582,1,18
2019-01-31 18:15:00,5.0298075675964355,1,18
2019-01-31 18:30:00,3.5369415283203125,1,18
2019-01-31 18:45:00,3.6493375301361084,1,18
2019-01-31 19:00:00,3.83754563331604,1,19
2019-01-31 19:15:00,3.92311954498291,1,19
2019-01-31 19:30:00,3.825047731399536,1,19
2019-01-31 19:45:00,4.026937961578369,1,19
2019-01-31 20:00:00,4.196032524108887,1,20
2019-01-31 20:15:00,4.327765464782715,1,20
2019-01-31 20:30:00,4.158322811126709,1,20
2019-01-31 20:45:00,3.667973518371582,1,20
2019-01-31 21:00:00,3.2643401622772217,1,21
2019-01-31 21:15:00,3.690453052520752,1,21
2019-01-31 21:30:00,3.7675275802612305,1,21
2019-01-31 21:45:00,3.842942237854004,1,21
2019-01-31 22:00:00,3.894388198852539,1,22
2019-01-31 22:15:00,4.043923377990723,1,22
2019-01-31 22:30:00,4.027584552764893,1,22
2019-01-31 22:45:00,4.155426025390625,1,22
2019-01-31 23:00:00,4.723339080810547,1,23
2019-01-31 23:15:00,4.598181247711182,1,23
2019-01-31 23:30:00,5.015834808349609,1,23
2019-01-31 23:45:00,6.9486403465271,1,23
